Name,Org,Pos,Current Level,Age,Top 100,Org Rk,Hit,Game,Raw,Spd,FV,PA,OBP,SLG,ISO,BB%,K%,wRC+,playerId
"Michael Perez","TBR","C","","27.6",,30,"45 / 50","30 / 35","45 / 45","40 / 40","40",22,0.318181818,0.526315789,0.315789474,0.136363636,0.272727272,120.89137901085725,"12977"
"Anthony Alford","TOR","CF","AA","26.4",,34,"35 / 35","40 / 40","60 / 60","70 / 70","35+",25,0.16,0.24,0.08,0,0.56,-2.194936018739106,"14329"
"Yu Chang","CLE","3B","","25.3222222",,35,"35 / 40","40 / 45","50 / 50","50 / 50","40",32,0.3125,0.483870967,0.193548387,0.03125,0.25,109.54331324126268,"14773"
"Justin Williams","STL","LF","AAA","25.3166666",,29,"40 / 45","40 / 50","60 / 60","40 / 40","35+",31,0.225806451,0.392857142,0.25,0.096774193,0.258064516,60.34687607720052,"15490"
"Reese McGuire","TOR","C","","25.7833333",,23,"45 / 50","20 / 35","45 / 45","30 / 30","40",21,0.238095238,0.4,0.2,0.047619047,0.38095238,64.9896159845257,"15674"
"Raudy Read","WSN","C","AAA","27.125",,18,"45 / 50","45 / 50","55 / 55","20 / 20","35+",13,0.307692307,0.545454545,0.363636364,0.153846153,0.23076923,120.55952978119034,"15766"
"Kean Wong","SFG","2B","","24.6",,27,"50 / 50","30 / 30","35 / 35","50 / 50","40",12,0.333333333,0.272727272,0,0.083333333,0.25,71.61762284924787,"15994"
"Michael Hermosillo","LAA","RF","","25.9083333",,18,"40 / 45","40 / 45","50 / 50","65 / 65","40",26,0.461538461,0.75,0.333333334,0,0.346153846,221.23756552784204,"16285"
"Nick Gordon","MIN","SS","AAA","25.1388888",,35,"40 / 45","30 / 40","50 / 50","55 / 55","35+",6,0.166666666,0.166666666,0,0,0.333333333,-15.897731033427837,"16337"
"Domingo Leyba","ARI","2B","AAA","25.2583333",,26,"55 / 60","30 / 30","40 / 40","45 / 45","40",17,0.294117647,0.5,0.25,0.058823529,0.117647058,106.96014806825822,"16404"
"Sergio Alcantara","DET","SS","MLB","24.4277777",,34,"45 / 50","20 / 20","30 / 30","55 / 55","35+",20,0.5,0.611111111,0.166666667,0.1,0.1,200.6939460061869,"16417"
"Thairo Estrada","NYY","SS","MLB","24.8111111",,39,"45 / 55","30 / 40","45 / 45","60 / 55","40",36,0.25,0.257142857,0.028571429,0.027777777,0.277777777,35.95554288645996,"16426"
"Jason Martin","PIT","RF","","25.275",,31,"45 / 50","40 / 45","50 / 50","50 / 50","40",25,0.28,0.333333333,0.083333333,0.04,0.24,63.209413286043535,"16429"
"Ryan McBroom","KCR","1B","","28.6805555",,24,"50 / 50","55 / 55","60 / 60","30 / 30","40",46,0.347826086,0.581395348,0.279069767,0.065217391,0.130434782,143.6264731383764,"16524"
"Mauricio Dubon","SFG","SS","MLB","25.4",,10,"55 / 60","30 / 35","40 / 40","50 / 50","45",34,0.323529411,0.575757575,0.272727272,0.029411764,0.205882352,134.4953933619835,"16530"
"Jason Vosler","SDP","3B","","27.2722222",,50,"40 / 40","50 / 50","60 / 60","30 / 30","35+",23,0.52173913,0.75,0.3,0.130434782,0.086956521,237.2335588344237,"16686"
"Brian O'Grady","TBR","CF","","27.8",,38,"35 / 35","50 / 50","55 / 55","55 / 55","35+",25,0.4,0.739130434,0.391304348,0.04,0.2,196.32084953391845,"16729"
"Jonah Heim","OAK","C","MLB","25.4638888",,13,"50 / 50","30 / 30","50 / 50","30 / 30","40",27,0.37037037,0.4,0.08,0.037037037,0.074074074,112.26057438905148,"16930"
"Lane Thomas","STL","CF","MLB","25.3083333",,8,"45 / 50","40 / 45","50 / 50","55 / 55","40+",41,0.414634146,0.5625,0.3125,0.219512195,0.195121951,160.42588701170308,"16939"
"Edmundo Sosa","STL","SS","MLB","24.7722222",,13,"45 / 50","30 / 35","45 / 45","50 / 50","40",45,0.295454545,0.435897435,0.205128205,0.066666666,0.111111111,91.76223533983892,"17022"
"Monte Harrison","MIA","CF","AAA","25.3444444",102,6,"40 / 45","40 / 45","65 / 65","60 / 60","50",30,0.466666666,0.52,0.16,0.166666666,0.266666666,170.51671099719422,"17216"
"Jorge Mateo","OAK","CF","MLB","25.475",,14,"35 / 40","40 / 45","55 / 55","80 / 80","40",32,0.375,0.23076923,0,0.1875,0.1875,83.52440086468287,"17273"
"Alex Jackson","ATL","C","MLB","24.1",,11,"35 / 40","50 / 55","70 / 70","30 / 30","45",19,0.157894736,0.058823529,0,0.052631578,0.47368421,-32.60910461631071,"17276"
"Bobby Bradley","CLE","DH","AAA","24.5416666",,27,"30 / 35","50 / 55","65 / 60","20 / 20","40",28,0.357142857,0.703703703,0.37037037,0.035714285,0.214285714,175.51123781490955,"17278"
"Luis Liberato","SEA","CF","","24.3",,33,"30 / 35","35 / 40","50 / 50","60 / 60","35+",11,0.272727272,0.111111111,0,0.181818181,0.363636363,24.382491642913347,"17307"
"Willi Castro","DET","SS","MLB","23.6388888",,14,"35 / 45","35 / 40","45 / 45","55 / 55","40",29,0.344827586,0.481481481,0.148148148,0.034482758,0.310344827,116.13267010443317,"17338"
"Yermin Mercedes","CHW","DH","AAA","27.8333333",,8,"60 / 60","50 / 50","60 / 60","30 / 30","40+",24,0.416666666,0.954545454,0.590909091,0.083333333,0.208333333,248.2289029225942,"17423"
"Jose Siri","SFG","CF","MLB","25.3944444",,28,"30 / 35","45 / 50","55 / 55","60 / 60","40",13,0.307692307,0.454545454,0.272727273,0.153846153,0.615384615,103.77306954080132,"17452"
"Kelvin Gutierrez","KCR","3B","","26.2944444",,16,"50 / 55","35 / 40","55 / 55","40 / 40","40",34,0.264705882,0.454545454,0.212121212,0.029411764,0.352941176,85.35704141644138,"17468"
"Kevin Kramer","PIT","2B","","27.1972222",,20,"45 / 50","40 / 45","45 / 45","40 / 40","40",31,0.387096774,0.24,0,0.129032258,0.258064516,91.12153249737706,"17689"
"Skye Bolt","OAK","CF","","26.9138888",,19,"40 / 40","40 / 45","50 / 50","60 / 60","40",23,0.391304347,0.388888888,0.166666666,0.217391304,0.304347826,118.6871661562541,"17723"
"Braden Bishop","SEA","CF","","26.6",,17,"40 / 40","40 / 40","50 / 50","70 / 70","40",13,0.23076923,0.09090909,0,0.153846153,0.384615384,3.187470563797845,"17806"
"Luis Alexander Basabe","CHW","CF","","24.3",,22,"35 / 45","35 / 45","50 / 50","60 / 60","40",18,0.388888888,0.266666666,0,0.166666666,0.333333333,94.14136717331716,"17839"
"Brendan Rodgers","COL","2B","","24.3472222",31,1,"55 / 60","50 / 60","55 / 55","45 / 45","55",7,0.428571428,0.428571428,0,0,0,137.29677721185877,"17907"
"Marcus Wilson","BOS","CF","","24.3305555",,25,"30 / 35","40 / 45","55 / 55","60 / 60","35+",20,0.3,0.421052631,0.157894737,0.05,0.35,91.57412192887206,"17910"
"Sam Hilliard","COL","CF","MLB","26.8138888",,5,"40 / 40","50 / 55","60 / 60","55 / 55","45",40,0.225,0.421052631,0.236842105,0.05,0.35,65.07547011404226,"17954"
"Tyler Stephenson","CIN","C","MLB","24.3277777",73,1,"45 / 50","40 / 45","65 / 65","30 / 30","50",22,0.5,0.75,0.375,0.181818181,0.045454545,216.5819922181254,"17988"
"Jake Cronenworth","SDP","SS/RHP","MLB","26.8972222",,9,"55 / 60","40 / 40","45 / 45","50 / 50","45",30,0.366666666,0.37037037,0.074074074,0.1,0.133333333,104.56130219220931,"18036"
"Garrett Stubbs","HOU","C","MLB","27.55",,29,"50 / 55","30 / 30","40 / 40","50 / 50","40",19,0.526315789,0.571428571,0.214285714,0.263157894,0.210526315,200.31087506354632,"18067"
"Austin Allen","OAK","C","","26.9111111",,12,"45 / 50","50 / 60","65 / 65","30 / 30","40+",36,0.416666666,0.617647058,0.235294117,0.055555555,0.166666666,175.9582548254276,"18083"
"LaMonte Wade Jr.","MIN","LF","MLB","26.9527777",,27,"45 / 45","30 / 35","45 / 45","50 / 50","40",26,0.423076923,0.38095238,0.095238095,0.192307692,0.153846153,128.886546012539,"18126"
"Edwin Rios","LAD","1B","","26.6472222",,29,"30 / 30","55 / 55","70 / 70","20 / 20","40",34,0.352941176,0.419354838,0.129032258,0.058823529,0.352941176,110.74169895008804,"18316"
"Daz Cameron","DET","CF","MLB","23.9138888",,9,"35 / 45","35 / 45","50 / 50","50 / 50","45",15,0.333333333,0.307692307,0.076923077,0.133333333,0.266666666,81.07499514253378,"18353"
"Lewin Diaz","MIA","1B","ST","24.0694444",119,7,"45 / 55","50 / 55","60 / 60","45 / 40","50",26,0.269230769,0.461538461,0.192307692,0,0.153846153,89.19150133971038,"18365"
"Ryan Mountcastle","BAL","LF","MLB","23.8222222",108,4,"50 / 55","45 / 55","60 / 60","45 / 40","50",35,0.228571428,0.4,0.171428572,0,0.257142857,60.42989545755098,"18373"
"Travis Blankenhorn","MIN","2B","","24.3638888",,24,"40 / 50","40 / 45","55 / 55","40 / 40","40",16,0.25,0.23076923,0.076923077,0.125,0.25,32.363455983700725,"18395"
"Chris Gittens","NYY","1B","","26.8611111",,52,"35 / 35","50 / 55","80 / 80","30 / 30","35+",28,0.25,0.25,0.125,0.142857142,0.607142857,41.08327090163488,"18482"
"Ali Sanchez","NYM","C","MLB","23.9",,23,"45 / 50","30 / 30","40 / 40","30 / 30","40",9,0.111111111,0.222222222,0.111111111,0,0.111111111,-22.659188202020573,"18551"
"Ke'Bryan Hayes","PIT","3B","MLB","23.8777777",30,1,"45 / 55","35 / 40","50 / 50","60 / 55","55",30,0.4,0.44,0.16,0.166666666,0.133333333,132.00427092246596,"18577"
"Jared Walsh","LAA","1B/LHP","","27.3722222",,25,"40 / 40","45 / 55","65 / 65","45 / 45","35+",28,0.357142857,0.391304347,0.173913043,0.107142857,0.321428571,109.13039216925849,"18607"
"Ramon Urias","BAL","2B","MLB","26.5305555",,23,"55 / 55","35 / 35","45 / 45","40 / 40","40",11,0.181818181,0.181818181,0,0,0.272727272,-7.0352388208906085,"18795"
"Jahmai Jones","LAA","2B","MLB","23.3611111",,11,"40 / 50","40 / 45","50 / 50","60 / 60","40+",24,0.208333333,0.375,0.166666667,0,0.375,47.67880104265978,"18872"
"Seby Zavala","CHW","C","MLB","27.2944444",,24,"30 / 30","40 / 45","55 / 55","30 / 30","40",14,0.285714285,0.416666666,0.25,0.142857142,0.357142857,87.30568666341017,"18887"
"Danny Mendick","CHW","SS","AAA","27.2111111",,14,"45 / 50","35 / 40","40 / 40","50 / 50","40",40,0.25,0.263157894,0.052631579,0.05,0.225,38.44319628720634,"18889"
"Lucius Fox","TBR","SS","","22.7",,27,"40 / 50","30 / 30","40 / 40","60 / 60","40",17,0.352941176,0.266666666,0,0.117647058,0.352941176,78.98058787802327,"18899"
"Leody Taveras","TEX","CF","MLB","21.5",,6,"35 / 55","30 / 35","50 / 50","60 / 60","45+",27,0.407407407,0.391304347,0.086956521,0.148148148,0.185185185,124.34554727472162,"18900"
"Yusniel Diaz","BAL","RF","","24.1861111",,6,"45 / 55","40 / 50","50 / 50","50 / 50","45",24,0.416666666,0.5,0.2,0.166666666,0.291666666,147.0607103717294,"18905"
"Estevan Florial","NYY","CF","","23.0527777",,8,"30 / 35","40 / 55","60 / 60","70 / 70","45",22,0.181818181,0.409090909,0.227272728,0,0.363636363,46.26118901070209,"19151"
"Corey Ray","MIL","CF","","25.7",,9,"30 / 35","40 / 45","60 / 60","70 / 70","40+",22,0.136363636,0.2,0.15,0.045454545,0.409090909,-11.382966750984808,"19170"
"Zack Collins","CHW","C","","25.8555555",,7,"40 / 45","45 / 55","65 / 65","20 / 20","40+",31,0.548387096,0.681818181,0.318181818,0.29032258,0.225806451,225.8712795448694,"19181"
"Trent Giambrone","CHC","2B","","26.5",,21,"40 / 40","45 / 45","50 / 50","55 / 55","40",30,0.5,0.625,0.166666667,0.133333333,0.333333333,194.48554370730534,"19250"
"Jake Fraley","SEA","LF","MLB","24.8",,15,"50 / 50","35 / 40","45 / 45","55 / 55","40",30,0.3,0.538461538,0.307692308,0.1,0.266666666,112.85321347719545,"19260"
"Randy Arozarena","TBR","CF","MLB","25.7888888",107,7,"50 / 55","35 / 40","45 / 45","55 / 60","50",29,0.586206896,0.55,0.15,0.310344827,0.068965517,215.5252046804915,"19290"
"Nick Solak","TEX","2B","MLB","25.2",109,2,"55 / 55","45 / 50","50 / 50","50 / 50","50",46,0.304347826,0.375,0.175,0.108695652,0.282608695,85.32073849599318,"19294"
"Eli White","TEX","2B","MLB","26.4666666",,37,"50 / 55","30 / 35","45 / 45","60 / 60","40",22,0.454545454,0.75,0.35,0.045454545,0.318181818,217.498109884963,"19346"
"DJ Peters","LAD","CF","","25.0055555",,20,"30 / 35","45 / 55","70 / 70","60 / 50","40",23,0.217391304,0.333333333,0.190476191,0.086956521,0.391304347,44.27595302041553,"19348"
"Sean Murphy","OAK","C","MLB","26.1777777",62,3,"50 / 55","40 / 45","60 / 60","20 / 20","50",14,0.428571428,0.636363636,0.363636364,0.142857142,0.285714285,180.2409825403568,"19352"
"Luke Raley","LAD","1B","MLB","26.2361111",,43,"35 / 40","40 / 45","60 / 60","55 / 50","35+",30,0.266666666,0.428571428,0.214285714,0,0.333333333,81.9361061345065,"19354"
"Austin Hays","BAL","CF","","25.4416666",,7,"45 / 50","45 / 50","60 / 60","55 / 55","45",40,0.3,0.294117647,0.088235295,0.1,0.2,64.98731357099729,"19363"
"Zach McKinstry","LAD","2B","MLB","25.625",,28,"50 / 50","35 / 40","45 / 45","55 / 55","40",31,0.451612903,0.862068965,0.448275862,0.032258064,0.193548387,241.45676215292747,"19392"
"Yonny Hernandez","TEX","SS","MLB","22.6111111",,28,"45 / 60","20 / 30","30 / 30","60 / 60","40",2,0.5,0,0,0.5,0,119.24473491098783,"19432"
"Jake Rogers","DET","C","MLB","25.6555555",,19,"30 / 40","40 / 50","50 / 50","40 / 40","40",8,0.5,1.285714285,0.857142857,0.125,0.25,341.4447957851031,"19452"
"Kyle Lewis","SEA","RF","","24.7",,8,"35 / 40","55 / 60","70 / 70","50 / 45","45",32,0.25,0.48275862,0.310344827,0.09375,0.21875,88.12457893297477,"19508"
"Andrew Knizner","STL","C","MLB","25.8638888",,6,"50 / 55","35 / 40","50 / 50","30 / 30","45",30,0.233333333,0.346153846,0.192307693,0.1,0.2,49.44277698903456,"19514"
"Andrew Young","ARI","2B","","26.5944444",,15,"45 / 50","45 / 55","55 / 55","40 / 40","40+",22,0.363636363,0.523809523,0.19047619,0.045454545,0.318181818,136.6441021993671,"19521"
"TJ Friedl","CIN","CF","MLB","25.3333333",,17,"45 / 55","30 / 35","40 / 40","70 / 70","40",8,0.75,0.8,0.2,0.375,0.125,309.38508816275254,"19522"
"Jaylin Davis","SFG","RF","AAA","25.4",,11,"40 / 40","50 / 55","65 / 65","60 / 60","40+",34,0.323529411,0.5,0.266666667,0.117647058,0.5,116.017745068291,"19552"
"Simon Muzziotti","PHI","CF","","21.9638888",,6,"35 / 60","30 / 35","40 / 45","60 / 60","45",9,0.444444444,0.375,0,0.111111111,0.333333333,133.28521225610967,"19553"
"Zack Short","CHC","SS","AAA","25",,20,"35 / 40","45 / 45","45 / 45","45 / 45","40",28,0.392857142,0.333333333,0.142857143,0.25,0.321428571,111.82269117739945,"19562"
"Chas McCormick","HOU","RF","MLB","25.6527777",,31,"50 / 50","45 / 50","55 / 55","50 / 50","40",27,0.148148148,0.346153846,0.230769231,0.037037037,0.185185185,21.379281637978238,"19599"
"Bryan De La Cruz","HOU","RF","MLB","23.9944444",,39,"45 / 50","35 / 40","50 / 50","50 / 50","35+",16,0.3125,0.733333333,0.466666667,0.0625,0.375,165.0631761146236,"19600"
"Otto Lopez","TOR","SS","MLB","22.2027777",,24,"35 / 55","20 / 30","40 / 45","60 / 60","40",6,0.333333333,0.666666666,0.333333333,0,0,158.79272613661323,"19608"
"Keibert Ruiz","LAD","C","MLB","22.4",88,5,"55 / 70","30 / 35","50 / 50","20 / 20","50",11,0.09090909,0.09090909,0,0,0.363636363,-60.21019209611405,"19610"
"Luis Barrera","OAK","RF","ST","25.0805555",,34,"40 / 45","30 / 35","50 / 50","70 / 70","35+",29,0.310344827,0.37037037,0.074074074,0.034482758,0.172413793,79.19116285243636,"19615"
"Brent Rooker","MIN","1B","MLB","26.1194444",,17,"35 / 40","50 / 60","65 / 65","40 / 40","40",25,0.4,0.333333333,0.047619048,0.12,0.24,111.47468879300227,"19627"
"Sheldon Neuse","OAK","3B","","26.0111111",,9,"35 / 40","35 / 55","60 / 60","40 / 40","40+",30,0.3,0.23076923,0,0.1,0.166666666,50.125727890619174,"19635"
"Daniel Johnson","CLE","RF","","25.425",,6,"45 / 50","40 / 45","55 / 55","70 / 70","45+",18,0.388888888,0.5,0.1875,0.111111111,0.166666666,138.10420848800212,"19643"
"Zach Reks","LAD","DH","","27.0888888",,42,"45 / 45","45 / 50","55 / 55","45 / 45","35+",27,0.555555555,0.684210526,0.315789474,0.296296296,0.222222222,228.12152231387893,"19667"
"Edward Olivares","SDP","CF","","24.7722222",,29,"45 / 50","40 / 45","50 / 50","55 / 55","40",23,0.391304347,0.681818181,0.318181818,0.04347826,0.173913043,180.40765248885734,"19698"
"Ronnie Dawson","HOU","CF","AAA","25.5694444",,24,"30 / 35","45 / 50","55 / 55","55 / 55","40",21,0.19047619,0.25,0.1,0.047619047,0.428571428,13.285831216860231,"19710"
"Rylan Bannon","BAL","3B","","24.6444444",,17,"50 / 55","40 / 45","45 / 45","50 / 50","40",15,0.466666666,0.666666666,0.333333333,0.2,0.4,198.37415526882438,"19768"
"Esteban Quiroz","TBR","2B","","28.1",,39,"55 / 55","35 / 40","45 / 45","40 / 40","35+",19,0.263157894,0.1875,0,0.052631578,0.368421052,28.961893912895388,"19780"
"Cody Thomas","LAD","RF","AAA","26.1833333",,25,"30 / 35","45 / 55","60 / 60","55 / 55","40",24,0.333333333,1.09090909,0.772727272,0.041666666,0.291666666,242.710864169214,"19828"
"Caleb Hamilton","MIN","C","","25.8583333",,41,"30 / 35","35 / 40","50 / 50","50 / 50","35+",8,0.375,0.714285714,0.428571429,0.125,0.25,179.6663406188896,"19842"
"Abraham Toro","HOU","3B","","23.9833333",,3,"50 / 55","45 / 50","55 / 55","60 / 60","45+",28,0.178571428,0.25,0.071428572,0,0.071428571,7.609164883308167,"19844"
"Riley Adams","TOR","C","MLB","24.4666666",,27,"30 / 40","40 / 50","60 / 60","30 / 30","40",11,0.272727272,0.727272727,0.454545455,0,0.454545454,152.7325701175182,"19864"
"Greg Deichmann","OAK","RF","","25.5388888",,30,"30 / 45","40 / 50","65 / 65","50 / 45","35+",26,0.346153846,0.52173913,0.260869565,0.115384615,0.423076923,129.84302803109327,"19872"
"Drew Ellis","ARI","3B","","25.0361111",,31,"35 / 45","45 / 55","60 / 60","40 / 30","40",10,0.5,0.714285714,0.428571429,0.2,0.1,216.03807225264921,"19873"
"Tristan Gray","TBR","1B","AAA","24",,34,"45 / 50","40 / 45","45 / 45","40 / 40","40",13,0.384615384,0.454545454,0.181818182,0.153846153,0.23076923,128.8080266443905,"19877"
"Pavin Smith","ARI","1B","MLB","24.8555555",,25,"45 / 55","40 / 45","50 / 50","40 / 40","40",23,0.434782608,0.428571428,0.047619048,0.086956521,0.173913043,140.59418236106947,"19892"
"Connor Wong","BOS","C","MLB","24.5694444",,16,"30 / 35","40 / 45","50 / 50","50 / 50","40",13,0.461538461,0.9,0.6,0.153846153,0.153846153,239.57330213401454,"19896"
"Gavin Sheets","CHW","1B","","24.6416666",,20,"45 / 50","45 / 50","70 / 70","30 / 30","40",25,0.32,0.2,0,0.16,0.32,54.64433408339988,"19901"
"Anderson Tejeda","TEX","SS","ST","21.9",,5,"30 / 40","35 / 55","55 / 60","55 / 55","45+",18,0.611111111,0.785714285,0.285714285,0.166666666,0.055555555,270.8217154863404,"19909"
"Jesus Sanchez","MIA","RF","MLB","23.1861111",96,5,"30 / 50","30 / 55","60 / 65","50 / 50","50",14,0.571428571,1.153846153,0.615384615,0.071428571,0.142857142,345.0716234191256,"19913"
"Daulton Varsho","ARI","C","MLB","24.45",59,2,"45 / 55","40 / 45","50 / 50","60 / 60","50",15,0.333333333,0.307692307,0.076923077,0.133333333,0.266666666,81.07499514253378,"19918"
"Ryan McKenna","BAL","CF","","23.8333333",,8,"40 / 50","30 / 35","45 / 45","70 / 70","45",16,0.25,0.142857142,0,0.125,0.25,17.88788545267608,"19928"
"Cristian Pache","ATL","CF","MLB","21.2",20,1,"35 / 45","30 / 45","50 / 55","65 / 65","60",28,0.285714285,0.576923076,0.307692307,0.035714285,0.392857142,115.84323902389409,"19948"
"Andres Gimenez","NYM","SS","MLB","22.2777777",103,2,"45 / 55","30 / 40","40 / 45","60 / 55","50",31,0.29032258,0.392857142,0.178571428,0.096774193,0.064516129,82.67445495620244,"19950"
"Khalil Lee","KCR","RF","","22.4666666",,8,"30 / 40","35 / 45","55 / 60","55 / 50","45",35,0.228571428,0.303030303,0.121212122,0.057142857,0.342857142,40.35710380273946,"19952"
"Gavin Lux","LAD","2B","MLB","23.0583333",2,1,"60 / 70","60 / 70","65 / 65","55 / 55","70",35,0.285714285,0.303030303,0.060606061,0.057142857,0.257142857,59.47121745877943,"19955"
"Mickey Moniak","PHI","CF","MLB","22.5861111",,7,"45 / 55","30 / 45","45 / 50","55 / 55","45",22,0.5,0.588235294,0.235294118,0.227272727,0.136363636,192.93854852347692,"19956"
"Blake Rutherford","CHW","LF","MLB","23.6166666",,15,"40 / 45","45 / 50","50 / 50","50 / 50","40",13,0.153846153,0.23076923,0.076923077,0,0.23076923,-5.580676098159783,"19957"
"Carter Kieboom","WSN","SS","MLB","23.2805555",21,1,"45 / 55","45 / 55","55 / 60","40 / 40","60",43,0.348837209,0.257142857,0.057142857,0.162790697,0.232558139,79.61644790519622,"19958"
"Taylor Trammell","SDP","LF","MLB","22.5",69,5,"45 / 55","40 / 45","55 / 55","70 / 70","50",26,0.423076923,0.583333333,0.208333333,0.076923076,0.269230769,168.52733811215234,"19960"
"Colton Welker","COL","3B","","23.1805555",,7,"45 / 55","40 / 45","50 / 50","35 / 30","45",23,0.565217391,0.5625,0.125,0.260869565,0.04347826,206.1473860448755,"19961"
"Bobby Dalbec","BOS","3B","AAA","25.4583333",,4,"35 / 35","50 / 55","70 / 70","40 / 40","45",25,0.32,0.454545454,0.227272727,0.08,0.28,107.10381028126372,"19966"
"Jared Oliva","PIT","CF","MLB","25.0472222",,9,"40 / 50","40 / 45","55 / 55","60 / 60","45+",31,0.29032258,0.321428571,0.107142857,0.064516129,0.29032258,68.3545359302657,"19968"
"Isaac Paredes","DET","3B","MLB","21.8222222",120,5,"55 / 60","40 / 45","50 / 50","30 / 20","50",6,0.166666666,0,0,0.166666666,0.166666666,-35.84185194389571,"20036"
"Jorge Ona","SDP","LF","","23.9555555",,30,"35 / 40","45 / 50","60 / 60","55 / 55","40",8,0.375,0.714285714,0.428571429,0,0.25,182.0789365174833,"20040"
"Luis Robert Jr.","CHW","CF","MLB","23.3638888",7,1,"35 / 45","50 / 60","65 / 65","70 / 70","60",42,0.38095238,0.564102564,0.230769231,0.071428571,0.238095238,150.31948698684963,"20043"
"Brian Miller","MIA","CF","","25.3166666",,31,"45 / 55","20 / 30","45 / 45","55 / 55","40",12,0.25,0.363636363,0.181818182,0.083333333,0.166666666,59.54535648905371,"20047"
"Evan White","SEA","1B","AAA","24.6333333",64,4,"50 / 55","45 / 50","55 / 55","60 / 55","50",27,0.37037037,0.458333333,0.125,0.074074074,0.259259259,120.12384703007541,"20078"
"Dylan Carlson","STL","LF","MLB","22.1416666",39,2,"40 / 55","40 / 55","50 / 55","50 / 40","55",40,0.45,0.46875,0.15625,0.175,0.125,154.75256430803364,"20126"
"Miguel Vargas","LAD","3B","MLB","21.075",,11,"35 / 60","30 / 50","50 / 55","45 / 40","45",2,0.5,0.5,0,0,0,179.0770976423915,"20178"
"Brandon Marsh","LAA","CF","MLB","22.9888888",36,2,"45 / 55","40 / 50","55 / 60","60 / 55","55",5,0.4,0,0,0.4,0.6,72.71875885452276,"20202"
"Jo Adell","LAA","LF","MLB","21.6833333",4,1,"35 / 45","50 / 70","70 / 70","60 / 50","65",27,0.296296296,0.346153846,0.076923077,0,0.481481481,73.36486155230676,"20220"
"Gilberto Celestino","MIN","CF","","21.8361111",,9,"35 / 55","30 / 35","40 / 40","60 / 60","45",24,0.208333333,0.347826086,0.173913043,0.041666666,0.25,42.692770815042785,"20233"
"Kevin Smith","TOR","SS","","24.4444444",,18,"30 / 35","45 / 50","55 / 55","55 / 55","40",30,0.233333333,0.269230769,0.115384616,0.1,0.366666666,34.774200665530294,"20242"
"Mario Feliciano","MIL","C","AA","21.5",,2,"35 / 55","30 / 45","50 / 55","30 / 30","45+",14,0.357142857,0.5,0.166666667,0.071428571,0.142857142,120.05599474775327,"20263"
"Jonathan Arauz","BOS","2B","","22.3638888",,22,"45 / 55","20 / 30","40 / 45","45 / 45","40",32,0.28125,0.344827586,0.137931035,0.09375,0.21875,69.30980718045451,"20275"
"Stuart Fairchild","CIN","CF","MLB","24.7416666",,11,"45 / 55","35 / 45","50 / 50","55 / 55","40+",28,0.25,0.260869565,0.173913044,0.178571428,0.285714285,45.081285295691565,"20321"
"Alex Kirilloff","MIN","1B","","23.0972222",58,3,"45 / 60","45 / 55","60 / 60","30 / 30","50",22,0.454545454,0.809523809,0.380952381,0.045454545,0.136363636,232.58779564725617,"20325"
"Luis Gonzalez","CHW","RF","AAA","25.2611111",,16,"50 / 55","30 / 35","45 / 45","55 / 55","40",23,0.52173913,0.526315789,0.105263158,0.173913043,0.086956521,191.12151495349096,"20332"
"Ernie Clement","CLE","SS","MLB","24.7277777",,37,"50 / 60","30 / 35","40 / 40","70 / 70","40",26,0.307692307,0.32,0.04,0,0,71.6395107225856,"20352"
"Luis Garcia Jr.","WSN","2B","MLB","20.5777777",87,2,"40 / 60","30 / 45","50 / 55","40 / 40","50",28,0.444444444,0.52,0.12,0.071428571,0.142857142,163.98772635851918,"20391"
"Royce Lewis","MIN","CF","MLB","21.525",13,1,"30 / 50","40 / 60","60 / 65","60 / 50","60",25,0.2,0.48,0.28,0,0.28,69.60836939818988,"20437"
"Brewer Hicklen","KCR","LF","MLB","24.8472222",,28,"35 / 40","40 / 45","55 / 55","70 / 70","40",3,0.666666666,1.333333333,0.666666667,0,0.333333333,430.97059764456407,"20450"
"Jazz Chisholm Jr.","MIA","SS","MLB","22.8694444",33,1,"30 / 40","45 / 55","55 / 55","55 / 55","55",21,0.428571428,0.5,0.25,0.238095238,0.238095238,153.61052275874488,"20454"
"Seth Beer","ARI","1B","","24.2388888",,16,"35 / 40","40 / 55","60 / 60","20 / 20","40+",20,0.3,0.176470588,0,0.15,0.2,44.1424916174788,"20493"
"William Contreras","ATL","C","MLB","22.1",118,6,"35 / 50","35 / 50","50 / 55","45 / 40","50",7,0.285714285,0.166666666,0,0.142857142,0.285714285,36.641175570392306,"20503"
"Drew Waters","ATL","CF","MLB","21.1",43,2,"40 / 60","40 / 50","55 / 60","60 / 60","55",30,0.233333333,0.214285714,0.035714286,0.066666666,0.466666666,22.83989062076201,"20505"
"Nick Madrigal","CHW","2B","","23.7472222",41,4,"60 / 70","30 / 30","45 / 45","70 / 60","55",33,0.212121212,0.1875,0,0,0.121212121,7.648413535273037,"20521"
"Nolan Jones","CLE","3B","MLB","22.6027777",54,1,"30 / 40","55 / 60","70 / 70","30 / 30","50",19,0.421052631,0.083333333,0,0.368421052,0.47368421,88.81184462761054,"20529"
"Vidal Brujan","TBR","2B","MLB","22.8472222",27,3,"50 / 65","30 / 45","45 / 50","65 / 65","55",18,0.166666666,0.235294117,0.117647059,0.055555555,0.222222222,3.188576273793347,"20536"
"Jose Devers","MIA","2B","MLB","21.0194444",,27,"35 / 60","20 / 30","35 / 40","60 / 60","40",19,0.315789473,0.352941176,0.117647059,0.105263157,0.052631578,83.11147158823731,"20540"
"Elehuris Montero","STL","3B","","22.325",,14,"35 / 50","35 / 50","55 / 60","40 / 40","40",14,0.214285714,0.153846153,0,0,0.357142857,4.786961757827949,"20543"
"CJ Alexander","ATL","3B","AAA","23.5",,18,"35 / 45","40 / 50","60 / 60","40 / 40","35+",2,0,0,0,0,0.5,-100,"20557"
"Kody Clemens","DET","2B","MLB","24.5805555",,22,"30 / 50","30 / 45","50 / 50","45 / 45","40",18,0.444444444,0.533333333,0.2,0.055555555,0.111111111,168.18743249038423,"20572"
"Ivan Herrera","STL","C","MLB","20.5361111",105,4,"25 / 50","25 / 40","50 / 55","30 / 30","50",10,0.3,0.222222222,0,0.1,0.2,50.125727890619174,"20599"
"Leo Rivas","LAA","2B","MLB","23.1777777",,20,"35 / 50","20 / 30","35 / 40","70 / 70","40",9,0.222222222,0,0,0.222222222,0.222222222,-9.99408746808179,"21009"
"Nico Hoerner","CHC","2B","MLB","23.5861111",46,1,"45 / 55","35 / 45","50 / 50","55 / 55","50",43,0.372093023,0.361111111,0.083333334,0.116279069,0.116279069,103.63277576942424,"21479"
"Luken Baker","STL","1B","MLB","23.7611111",,17,"30 / 45","35 / 60","70 / 70","30 / 20","40",4,0.25,0.25,0,0,0.75,32.84597613552699,"21497"
"Trevor Larnach","MIN","RF","MLB","23.8",55,2,"40 / 50","50 / 60","65 / 65","40 / 40","50",30,0.466666666,0.708333333,0.375,0.166666666,0.1,207.22034411876473,"21501"
"Jonathan India","CIN","3B","MLB","23.9972222",,5,"45 / 55","40 / 45","50 / 50","50 / 45","45+",28,0.321428571,0.409090909,0.181818182,0.142857142,0.178571428,91.13534592132454,"21523"
"Joey Bart","SFG","C","MLB","22.9",10,1,"35 / 45","50 / 60","60 / 60","35 / 30","60",21,0.476190476,0.777777777,0.388888889,0.142857142,0.238095238,226.63705096137932,"21524"
"Cal Raleigh","SEA","C","MLB","23.3",,9,"35 / 40","40 / 50","55 / 55","40 / 40","45",16,0.1875,0.4375,0.25,0,0.3125,55.09521349622615,"21534"
"Alfonso Rivas III","CHC","1B","","23.7",,32,"45 / 55","40 / 45","50 / 50","40 / 40","35+",21,0.476190476,0.5625,0.25,0.238095238,0.142857142,179.67184413620816,"21560"
"Kyle Isbel","KCR","LF","MLB","23.7805555",,7,"45 / 55","30 / 50","50 / 50","50 / 50","45+",33,0.242424242,0.53125,0.3125,0.03030303,0.212121212,95.14858250924655,"21614"
"Alec Bohm","PHI","3B","MLB","24.3638888",56,2,"50 / 60","45 / 55","60 / 60","40 / 30","50",31,0.387096774,0.357142857,0,0,0.064516129,106.5621422345135,"21618"
"Jake McCarthy","ARI","LF","MLB","23.3722222",,40,"30 / 50","25 / 40","50 / 50","60 / 60","35+",1,0,0,0,0,0,-100,"21622"
"Griffin Conine","TOR","RF","MLB","23.425",,15,"30 / 35","35 / 60","70 / 70","45 / 40","40",6,0.166666666,0.166666666,0,0,0.5,-15.897731033427837,"21626"
"Ford Proctor","TBR","SS","","23.3",,23,"35 / 60","30 / 40","40 / 40","45 / 45","40",2,0,0,0,0,1,-100,"21634"
"Nick Maton","PHI","SS","MLB","23.8222222",,14,"30 / 45","30 / 40","45 / 45","55 / 55","40",25,0.4,0.421052631,0.210526316,0.24,0.32,129.50160628051773,"21635"
"Jeremy Pena","HOU","SS","MLB","23.2277777",,11,"30 / 45","30 / 40","45 / 45","55 / 55","40+",19,0.157894736,0.166666666,0.055555555,0.052631578,0.578947368,-15.136836891550095,"21636"
"Rafael Marchan","PHI","C","MLB","21.8027777",,10,"35 / 60","20 / 30","40 / 45","45 / 40","40+",7,0.428571428,0.428571428,0,0,0.285714285,137.29677721185877,"21646"
"Miguel Amaya","CHC","C","MLB","21.7638888",65,3,"35 / 55","30 / 45","50 / 55","40 / 30","50",25,0.16,0.2,0.04,0,0.32,-10.532862467088451,"21693"
"Oswaldo Cabrera","NYY","2B","MLB","21.7861111",,16,"30 / 55","20 / 40","40 / 45","50 / 50","40+",9,0.333333333,0.333333333,0,0,0.222222222,81.58968330448182,"21707"
"Oneil Cruz","PIT","SS","MLB","22.1944444",32,2,"30 / 40","30 / 60","70 / 80","60 / 45","55",26,0.269230769,0.416666666,0.208333333,0.076923076,0.423076923,79.98652245795596,"21711"
"Jose Fermin","CLE","SS","MLB","21.7083333",,26,"35 / 60","20 / 30","30 / 35","55 / 55","40",1,0,0,0,0,0,-100,"21746"
"Sherten Apostel","TEX","3B","","21",,9,"40 / 50","45 / 55","60 / 60","40 / 30","45",24,0.375,0.368421052,0.157894737,0.208333333,0.291666666,109.98252681292367,"21794"
"Will Benson","CLE","RF","MLB","22.4944444",,32,"30 / 35","40 / 60","70 / 70","55 / 50","40",4,0,0,0,0,0.5,-100,"21853"
"Bo Naylor","CLE","C","MLB","20.8138888",,8,"30 / 45","35 / 50","55 / 60","50 / 40","45+",1,0,0,0,0,1,-100,"21865"
"Jerar Encarnacion","MIA","RF","MLB","23.1444444",,13,"35 / 50","45 / 55","60 / 60","30 / 30","45",14,0.428571428,0.928571428,0.5,0,0.428571428,255.16930857620838,"21871"
"Christopher Morel","CHC","3B","MLB","21",,11,"30 / 40","35 / 55","55 / 60","40 / 40","40+",5,0.2,0.2,0,0,0.2,3.5997518341540897,"21897"
"Rodolfo Castro","PIT","2B","MLB","21.5638888",,12,"30 / 40","30 / 50","50 / 55","55 / 50","45",4,0.25,0,0,0.25,0,2.9297947698251625,"21987"
"Nick Pratto","KCR","1B","MLB","22.1888888",,20,"30 / 45","30 / 45","50 / 55","40 / 40","40",4,0.75,0.5,0,0.25,0,270.3010482150397,"22117"
"Payton Henry","MIL","C","MLB","22.9",,18,"30 / 40","20 / 45","60 / 60","30 / 30","40",6,0.333333333,0.2,0,0.166666666,0,61.64556239401395,"22164"
"Ryan Vilade","COL","3B","MLB","21.8222222",,3,"35 / 50","30 / 50","55 / 60","45 / 40","45+",15,0.333333333,0.166666666,0,0.2,0.266666666,57.656738211920356,"22165"
"Cal Mitchell","PIT","RF","AAA","21.7666666",,14,"30 / 45","35 / 50","45 / 50","40 / 40","40+",7,0.428571428,0.5,0,0,0.285714285,137.29677721185877,"22169"
"Mark Vientos","NYM","3B","MLB","21.0083333",106,3,"30 / 45","35 / 60","60 / 70","40 / 35","50",1,1,0,0,1,0,351.87461519331316,"22184"
"Brice Turang","MIL","SS","MLB","20.5",104,1,"30 / 40","30 / 40","45 / 50","55 / 55","50",15,0.266666666,0.153846153,0,0.133333333,0.2,26.639420840943647,"22186"
"MJ Melendez","KCR","C","MLB","22.0416666",,10,"20 / 30","30 / 45","55 / 60","45 / 40","40+",18,0.222222222,0.4375,0.25,0.055555555,0.333333333,62.222938097866326,"22197"
"Jeter Downs","BOS","2B","","22.3805555",47,1,"40 / 50","40 / 50","50 / 50","45 / 40","50",22,0.363636363,0.176470588,0,0.181818181,0.363636363,72.99544681477053,"22202"
"Sam Huff","TEX","C","MLB","22.9166666",,11,"30 / 35","40 / 55","70 / 70","20 / 20","45",12,0.083333333,0.333333333,0.25,0,0.5,-5.532841927195155,"22209"
"Luis Campusano","SDP","C","MLB","22.2083333",40,4,"35 / 60","30 / 50","55 / 60","40 / 40","55",4,0.25,0.25,0,0,0.25,32.84597613552699,"22217"
"Bubba Thompson","TEX","CF","","21.8",,33,"30 / 35","30 / 45","50 / 55","60 / 60","40",2,0.5,0.5,0,0,0.5,179.0770976423915,"22261"
"Nolan Gorman","STL","3B","MLB","20.5944444",38,1,"20 / 50","25 / 60","65 / 70","40 / 40","55",28,0.357142857,0.5,0.192307693,0.071428571,0.178571428,128.84474111594835,"22263"
"Xavier Edwards","TBR","2B","MLB","21.3472222",75,6,"35 / 60","20 / 30","40 / 40","80 / 80","50",2,1,1,0,0,0,471.5393406561204,"22266"
"Nick Allen","OAK","SS","MLB","22.1833333",,7,"35 / 50","20 / 30","30 / 30","50 / 50","45",6,0.5,1.4,0.8,0,0.166666666,335.8958116088322,"22277"
"Cal Stevenson","TBR","CF","MLB","23.5",,44,"50 / 60","30 / 30","35 / 35","60 / 60","35+",1,0,0,0,0,0,-100,"22411"
"Taylor Walls","TBR","SS","MLB","23.7",,9,"50 / 60","35 / 40","40 / 40","50 / 50","45",22,0.227272727,0.105263157,0,0.136363636,0.318181818,3.234320708156495,"22458"
"Livan Soto","LAA","SS","MLB","20.4777777",,28,"25 / 55","20 / 30","35 / 40","55 / 55","35+",6,0.333333333,0.833333333,0.5,0,0,199.80687585485688,"22471"
"Buddy Kennedy","ARI","3B","MLB","22.1916666",,28,"35 / 55","35 / 50","50 / 55","35 / 30","40",1,1,2,1,0,0,703.1484691525147,"22505"
"Triston Casas","BOS","1B","MLB","20.9138888",57,2,"35 / 55","35 / 60","65 / 70","30 / 20","50",1,0,0,0,0,1,-100,"22514"
"Heliot Ramos","SFG","RF","MLB","20.2",68,3,"35 / 50","45 / 55","55 / 55","55 / 50","50",5,0.4,1,0.6,0,0.4,262.4452801000957,"22515"
"Tyler Freeman","CLE","SS","MLB","21.5638888",93,3,"35 / 60","20 / 30","40 / 45","55 / 50","50",11,0.363636363,0.363636363,0,0,0,99.31466772955629,"22532"
"Michael Siani","CIN","CF","MLB","21.4111111",,7,"35 / 50","30 / 35","40 / 45","60 / 60","45",5,0.4,0.25,0,0.2,0,96.65170394708421,"22557"
"Jarred Kelenic","SEA","CF","MLB","21.4111111",11,2,"45 / 60","45 / 55","60 / 60","55 / 50","60",29,0.310344827,0.384615384,0.153846154,0.068965517,0.24137931,88.87482872680368,"22558"
"Gabriel Arias","SDP","SS","MLB","20.7972222",,16,"30 / 35","35 / 50","55 / 60","55 / 55","40+",18,0.444444444,0.333333333,0,0.166666666,0.277777777,126.63717195262042,"22563"
"Alejandro Kirk","TOR","C","MLB","22.1055555",,6,"35 / 60","30 / 40","50 / 50","20 / 20","45+",12,0.666666666,0.875,0.375,0.333333333,0,295.7848664345529,"22581"
"Gabriel Moreno","TOR","C","MLB","20.8333333",,7,"25 / 50","30 / 45","45 / 50","45 / 40","45",2,0,0,0,0,0.5,-100,"22664"
"Geraldo Perdomo","ARI","SS","MLB","21.1444444",91,4,"35 / 55","30 / 45","45 / 50","55 / 55","50",9,0.333333333,0,0,0.333333333,0,41.701441483546056,"22799"
"Oswald Peraza","NYY","SS","MLB","20.4972222",,9,"35 / 60","30 / 45","40 / 45","60 / 60","45",4,0.5,0.666666666,0.333333333,0.25,0,207.06319840078825,"22823"
"Alexander Canario","SFG","RF","MLB","19.6",,9,"20 / 45","25 / 60","55 / 60","50 / 45","45",7,0.285714285,0.166666666,0,0.142857142,0.714285714,36.641175570392306,"22842"
"Tucupita Marcano","SDP","SS","MLB","21.2444444",,21,"35 / 60","20 / 30","30 / 40","60 / 60","40+",2,0.5,0,0,0.5,0.5,119.24473491098783,"22871"
"Lenyn Sosa","CHW","SS","MLB","20.8861111",,28,"35 / 55","30 / 45","45 / 55","40 / 30","35+",1,0,0,0,0,1,-100,"22896"
"Jacob Amaya","LAD","SS","MLB","22.2805555",,12,"35 / 60","30 / 40","40 / 45","55 / 55","45",18,0.222222222,0.066666666,0,0.166666666,0.333333333,-3.346047164592504,"23296"
"Jose Barrero","CIN","SS","MLB","22.6916666",82,3,"30 / 40","35 / 50","55 / 60","60 / 60","50",30,0.3,0.769230769,0.5,0.033333333,0.1,157.05196930251756,"23378"
"Wander Franco","TBR","SS","MLB","19.7861111",1,1,"60 / 80","45 / 60","55 / 60","60 / 60","80",7,0.285714285,0.285714285,0,0,0.142857142,53.73613635079333,"23667"
"Brayan Rocchio","CLE","SS","MLB","19.9194444",112,4,"25 / 60","20 / 45","40 / 45","60 / 60","50",6,0.5,1,0.5,0,0.166666666,297.29429019276654,"23690"
"Jose Tena","CLE","SS","MLB","19.7333333",,21,"25 / 55","20 / 50","40 / 50","55 / 55","40+",3,0.666666666,0.5,0,0.333333333,0,236.67627015936543,"23691"
"Everson Pereira","NYY","CF","MLB","19.6777777",,20,"25 / 50","20 / 50","50 / 50","55 / 55","40+",4,0,0,0,0,0.5,-100,"23695"
"Julio Rodriguez","SEA","RF","MLB","19.9583333",9,1,"25 / 60","25 / 60","60 / 65","40 / 40","60",15,0.266666666,0.153846153,0,0.066666666,0.4,27.926138653526973,"23697"
"Ronny Mauricio","NYM","SS","MLB","19.6944444",35,1,"25 / 50","20 / 50","45 / 55","50 / 50","55",2,0.5,0.5,0,0,0.5,179.0770976423915,"23698"
"Ezequiel Duran","NYY","2B","MLB","21.5611111",85,4,"30 / 40","35 / 55","55 / 60","40 / 35","50",5,0.6,1,0.4,0,0.4,325.58100418616283,"23733"
"Jordyn Adams","LAA","CF","MLB","21.1555555",79,3,"30 / 50","30 / 50","50 / 60","80 / 80","50",23,0.173913043,0.142857142,0.047619047,0.086956521,0.391304347,-11.994813993919607,"23788"
"Alek Thomas","ARI","CF","MLB","20.6277777",70,3,"25 / 60","40 / 50","50 / 50","60 / 60","50",2,0,0,0,0,0.5,-100,"23792"
"Parker Meadows","DET","CF","MLB","21.1166666",,11,"20 / 45","20 / 50","55 / 60","70 / 65","45",3,0,0,0,0,0,-100,"23800"
"Ji Hwan Bae","PIT","SS","MLB","21.3833333",,11,"35 / 55","30 / 40","35 / 45","65 / 65","45",6,0.666666666,1,0.5,0.166666666,0.166666666,317.09610752295515,"23818"
"Osleivis Basabe","TEX","SS","MLB","20.2527777",,16,"25 / 55","20 / 40","45 / 50","60 / 60","40+",3,0,0,0,0,0,-100,"23985"
"Johan Rojas","PHI","CF","MLB","20.3333333",,8,"20 / 45","20 / 50","50 / 60","65 / 60","40+",2,0,0,0,0,1,-100,"24336"
"Travis Swaggerty","PIT","CF","MLB","23.3194444",61,4,"40 / 50","30 / 50","60 / 60","65 / 65","50",2,1,1,0,0.5,0,411.7069779247168,"24491"
"Jonathan Ornelas","TEX","SS","MLB","20.55",,15,"30 / 50","30 / 40","45 / 50","55 / 50","40+",2,0,0,0,0,0,-100,"24597"
"Steven Kwan","CLE","CF","MLB","23.275",,43,"35 / 60","30 / 30","30 / 30","45 / 45","35+",2,0.5,0.5,0,0,0,179.0770976423915,"24610"
"Jarren Duran","BOS","CF","MLB","24.275",,10,"45 / 50","30 / 40","45 / 45","70 / 70","40",27,0.333333333,0.458333333,0.208333333,0.111111111,0.444444444,110.86250806814687,"24617"
"Ryan Jeffers","MIN","C","MLB","23.7722222",,6,"40 / 50","45 / 55","55 / 55","40 / 40","45+",15,0.066666666,0.066666666,0,0,0.466666666,-74.39017963617364,"24618"
"Owen Miller","SDP","SS","MLB","24.0805555",,25,"40 / 50","30 / 40","50 / 50","45 / 45","40",12,0.25,0.1,0,0.166666666,0.25,12.901855225059103,"24655"
"Logan O'Hoppe","PHI","C","MLB","20.8472222",,27,"30 / 40","30 / 45","50 / 55","30 / 30","35+",1,0,0,0,0,0,-100,"24729"
"David Fry","MIL","C","MLB","24.5",,24,"35 / 45","35 / 45","50 / 50","35 / 35","40",6,0.5,0.5,0.25,0.166666666,0.333333333,181.0071717689797,"24934"
"Joey Ortiz","BAL","SS","MLB","22.4166666",,26,"30 / 45","30 / 35","40 / 45","55 / 55","35+",0,0,0,0,0,0,-100,"25493"
"Bobby Witt Jr.","KCR","SS","MLB","20.5",23,1,"20 / 45","25 / 60","60 / 65","60 / 60","55",7,0.571428571,0.6,0.2,0.285714285,0.285714285,219.7545148687499,"25764"
"Grae Kessinger","HOU","SS","MLB","23.3027777",,18,"25 / 45","20 / 40","50 / 50","50 / 50","40",10,0.1,0,0,0.1,0.1,-66.85916931487242,"25813"
"Shea Langeliers","ATL","C","MLB","22.2",,8,"30 / 50","30 / 50","55 / 55","35 / 30","45",15,0.466666666,0.642857142,0.214285714,0.066666666,0.2,198.88884343077237,"25816"
"Braden Shewmake","ATL","SS","MLB","22.2",,9,"35 / 55","30 / 40","45 / 50","55 / 55","45",17,0.352941176,0.333333333,0.066666667,0.058823529,0.176470588,93.73999350656116,"25817"
"Andre Lipcius","DET","3B","AAA","22.5611111",,31,"35 / 55","30 / 40","50 / 50","45 / 45","35+",5,0.8,0.666666666,0,0.2,0.2,310.54870670325585,"25822"
"Ryan Kreidler","DET","3B","MLB","23.0888888",,24,"35 / 50","30 / 40","45 / 45","45 / 45","40",5,0.4,1.2,0.8,0,0.4,308.76710579937463,"25867"
"Corbin Carroll","ARI","CF","MLB","20.3138888",99,5,"25 / 60","30 / 50","45 / 50","70 / 70","50",2,0.5,0,0,0,0.5,128.8951185053627,"25878"
"Michael Harris II","ATL","RF","MLB","18.9",,13,"20 / 45","20 / 45","55 / 55","50 / 50","40+",4,0.25,0.25,0,0,0.5,32.84597613552699,"25931"
"Riley Greene","DET","RF","MLB","20.2111111",52,3,"25 / 60","25 / 55","50 / 55","50 / 45","50",18,0.611111111,0.916666666,0.5,0.333333333,0.111111111,282.99192708031217,"25976"
"Dominic Fletcher","ARI","RF","MLB","23.2833333",,20,"30 / 50","40 / 50","55 / 55","45 / 40","40",2,0,0,0,0,0,-100,"26149"
"Kyle Stowers","BAL","RF","MLB","22.95",,10,"30 / 45","35 / 55","50 / 55","50 / 50","45",2,0,0,0,0,1,-100,"26151"
"Andrew Vaughn","CHW","1B","MLB","22.6972222",37,3,"40 / 65","65 / 65","45 / 60","30 / 30","55",33,0.393939393,0.444444444,0.185185185,0.151515151,0.212121212,131.39825296393215,"26197"
"Tyler Fitzgerald","SFG","SS","MLB","22.2",,35,"30 / 45","30 / 40","45 / 50","55 / 50","35+",0,0,0,0,0,0,-100,"26208"
"Darell Hernaiz","BAL","SS","MLB","19.3638888",,21,"25 / 50","20 / 45","45 / 50","50 / 45","40",1,0,0,0,0,0,-100,"26224"
"Adley Rutschman","BAL","C","MLB","22.8555555",5,1,"45 / 60","40 / 55","60 / 60","40 / 35","60",10,0.2,0.111111111,0,0.1,0.5,-8.36672071212665,"26288"
"Bryson Stott","PHI","SS","MLB","23.1888888",,3,"30 / 50","30 / 50","50 / 55","55 / 50","45+",2,0,0,0,0,0.5,-100,"26294"
"Josh Jung","TEX","3B","MLB","22.1",,4,"35 / 55","30 / 50","55 / 55","45 / 40","45+",8,0.25,0.25,0,0,0.375,32.84597613552699,"26299"
"JJ Bleday","MIA","RF","MLB","23.0944444",51,3,"35 / 55","45 / 55","55 / 55","45 / 40","50",13,0.23076923,0.23076923,0,0,0.461538461,21.597428327306638,"26368"
"Kameron Misner","MIA","RF","MLB","22.9333333",,12,"30 / 45","30 / 60","65 / 70","60 / 55","45",1,0,0,0,0,0,-100,"26374"
"Josh Smith","NYY","2B","MLB","23.3527777",,24,"30 / 50","30 / 45","50 / 50","50 / 50","40",0,0,0,0,0,0,-100,"26396"
"Kyren Paris","LAA","SS","MLB","19.0916666",,4,"20 / 50","20 / 45","45 / 55","60 / 60","45",4,0.5,0.333333333,0,0.25,0.25,149.16091627668965,"26420"
"Matt Wallner","MIN","RF","MLB","23.0055555",,14,"30 / 45","35 / 60","70 / 70","40 / 35","40+",5,0.4,1,0.6,0,0.2,262.4452801000957,"26466"
"Davis Wendzel","TEX","3B","AAA","23.5583333",,18,"35 / 50","30 / 45","55 / 55","40 / 40","40+",3,0.333333333,0.666666666,0.333333333,0,0.333333333,158.79272613661323,"26469"
"Yoshi Tsutsugo","TBR","LF","","28.3",,11,"55 / 55","55 / 55","60 / 60","30 / 30","45",31,0.258064516,0.321428571,0.142857143,0.096774193,0.419354838,56.334660939304015,"27459"
"Anthony Volpe","NYY","SS","MLB","19.6277777",,12,"25 / 55","20 / 40","40 / 45","50 / 50","45",1,0,0,0,0,0,-100,"27647"
"Seth Gray","MIN","3B","","22.5388888",,39,"30 / 40","35 / 55","60 / 60","45 / 45","35+",4,0.75,2,1.5,0.25,0.25,447.6268370406023,"sa1115752"
"Bryce Ball","ATL","1B","","21.5",,22,"30 / 40","35 / 55","70 / 70","40 / 40","35+",19,0.315789473,0.375,0.1875,0.157894736,0.421052631,89.76516489595596,"sa1170451"
"Yunior Severino","MIN","2B","AAA","21.1972222",,19,"30 / 40","35 / 50","55 / 60","50 / 50","40",4,0.25,0.5,0.25,0,0.25,90.74825825962557,"sa3003185"
"David Garcia","TEX","C","AAA","20.8555555",,26,"35 / 55","20 / 40","40 / 45","40 / 30","40",1,1,1,0,0,0,471.5393406561204,"sa3003197"
"Tirso Ornelas","SDP","LF","AAA","20.7583333",,19,"35 / 55","30 / 45","55 / 60","50 / 45","40+",2,0,0,0,0,0,-100,"sa3004048"
"Austin Beck","OAK","CF","","22.0638888",,10,"30 / 45","30 / 55","60 / 60","60 / 55","40+",11,0.272727272,0,0,0.272727272,0.272727272,13.503880237203589,"sa3004055"
"Jeisson Rosario","SDP","CF","AA","21.1444444",,20,"45 / 60","30 / 30","40 / 45","60 / 60","40+",1,1,1,0,0,0,471.5393406561204,"sa3004146"
"Jordy Barley","SDP","SS","","21.0305555",,34,"30 / 35","30 / 45","50 / 55","60 / 60","40",0,0,0,0,0,0,-100,"sa3004148"
"Mason Martin","PIT","1B","","21.5333333",,16,"30 / 40","35 / 60","70 / 70","40 / 40","40+",6,0.166666666,0,0,0.166666666,0.666666666,-35.84185194389571,"sa3004885"
"Tristen Lutz","MIL","RF","","21.8",,3,"30 / 45","30 / 55","60 / 60","50 / 45","45+",1,0,0,0,0,0,-100,"sa3004968"
"Adam Hall","BAL","SS","AA","21.5611111",,13,"30 / 50","30 / 40","45 / 45","60 / 60","40+",0,0,0,0,0,0,-100,"sa3005077"
"Gilberto Jimenez","BOS","CF","","20.4333333",,6,"25 / 55","20 / 30","40 / 45","80 / 80","45",1,0,0,0,0,0,-100,"sa3005507"
"Luis Toribio","SFG","3B","","19.2",,8,"20 / 50","25 / 60","60 / 65","40 / 30","45",3,0,0,0,0,0.333333333,-100,"sa3005541"
"Pedro Martinez","CHC","2B","","19.4",,22,"25 / 55","20 / 50","45 / 50","45 / 40","40",2,1,1,0,0.5,0,411.7069779247168,"sa3005795"
"Orlando Martinez","LAA","LF","","22.825",,21,"40 / 50","40 / 45","50 / 50","45 / 45","40",12,0.25,0.4,0.3,0.166666666,0.333333333,72.01045150024662,"sa3006664"
"Devin Mann","LAD","2B","","23.8416666",,39,"40 / 50","40 / 45","50 / 50","40 / 40","35+",4,0.25,0,0,0.25,0.25,2.9297947698251625,"sa3006869"
"George Valera","CLE","CF","AAA","20.0861111",84,2,"25 / 50","25 / 55","55 / 60","50 / 45","50",7,0.571428571,1,0.75,0.428571428,0.428571428,270.9015579177568,"sa3006872"
"Trey Harris","ATL","LF","","24",,24,"35 / 45","40 / 50","55 / 55","45 / 45","35+",15,0.2,0.533333333,0.333333333,0,0.333333333,80.22378150131264,"sa3006876"
"Kristian Robinson","ARI","CF","AA","20.0083333",28,1,"20 / 50","45 / 60","60 / 70","60 / 55","55",2,0,0,0,0,0.5,-100,"sa3006884"
"Luis Verdugo","CHC","SS","AAA","19.7",,23,"20 / 40","20 / 45","45 / 50","45 / 50","40",7,0.428571428,0.25,0,0.285714285,0.285714285,103.10685565105669,"sa3006888"
"D'Shawn Knowles","LAA","CF","","19.9111111",,12,"20 / 45","20 / 45","45 / 50","70 / 70","40+",13,0.153846153,0.153846153,0,0,0.384615384,-23.39676290557474,"sa3006889"
"Carlos De La Cruz","PHI","RF","AAA","21.1888888",,36,"30 / 35","35 / 55","55 / 70","55 / 50","35+",5,0.4,1,0.6,0,0.6,262.4452801000957,"sa3006903"
"Lency Delgado","CHW","3B","","21.4833333",,27,"30 / 40","30 / 50","50 / 55","50 / 45","35+",2,1,1,0,0.5,0,411.7069779247168,"sa3006913"
"Jeremy Eierman","OAK","SS","AA","24.2611111",,23,"30 / 40","35 / 50","60 / 60","50 / 45","40",5,0.4,1,0.75,0,0.2,242.37248844528432,"sa3007005"
"Greyson Jenista","ATL","RF","","23.1",,21,"30 / 40","30 / 55","60 / 60","50 / 45","35+",14,0.357142857,0.75,0.5,0.142857142,0.571428571,179.75051818696082,"sa3007044"
"Willie Joe Garry Jr.","MIN","CF","","20.5416666",,36,"20 / 40","25 / 50","45 / 55","55 / 50","35+",1,0,0,0,0,0,-100,"sa3007065"
"Luis Garcia","PHI","SS","","20.1472222",,4,"25 / 55","20 / 40","45 / 50","55 / 55","45",2,0,0,0,0,0.5,-100,"sa3007295"
"Jeremiah Jackson","LAA","3B","AA","20.7166666",,7,"30 / 40","35 / 60","55 / 60","55 / 55","45",5,0.4,0.4,0,0,0.4,120.58464903964571,"sa3007740"
"Brennen Davis","CHC","CF","AAA","21.1166666",50,2,"30 / 50","35 / 55","55 / 60","60 / 55","50",2,0.5,0,0,0.5,0,119.24473491098783,"sa3007876"
"Joe Gray, Jr.","MIL","CF","","20.2",,13,"30 / 40","30 / 50","50 / 60","55 / 50","40",3,0.666666666,1,0.333333334,0,0,353.7675548124326,"sa3008005"
"Josh Breaux","NYY","C","AAA","23.1861111",,31,"30 / 40","30 / 50","60 / 65","30 / 30","40",0,0,0,0,0,0,-100,"sa3008051"
"Carlos Cortes","NYM","LF","AAA","23.4555555",,19,"30 / 45","35 / 55","60 / 60","40 / 40","40",1,0,0,0,0,1,-100,"sa3008079"
"Cadyn Grenier","BAL","SS","AAA","24.1222222",,15,"30 / 35","35 / 45","50 / 50","70 / 70","40",1,0,0,0,0,0,-100,"sa3008140"
"Cole Roederer","CHC","LF","AAA","20.7",,6,"35 / 55","35 / 55","50 / 55","50 / 45","45",4,0,0,0,0,0,-100,"sa3008184"
"Korry Howell","MIL","CF","","21.8",,27,"30 / 45","30 / 35","35 / 40","70 / 70","40",2,0,0,0,0,1,-100,"sa3008238"
"Victor Victor Mesa","MIA","CF","AAA","24.4",,32,"40 / 50","20 / 30","50 / 50","60 / 60","40",11,0.272727272,0.2,0,0.09090909,0.272727272,35.26110304862309,"sa3008602"
"Will Wilson","SFG","2B","AAA","21.4",,7,"30 / 50","30 / 45","50 / 50","50 / 50","45",4,0,0,0,0,0.75,-100,"sa3009871"
"Will Robertson","TOR","RF","AAA","22.9666666",,28,"30 / 50","30 / 50","60 / 60","40 / 35","40",0,0,0,0,0,0,-100,"sa3009879"
"Jairo Pomares","SFG","CF","AA","19.3",,16,"25 / 55","20 / 40","45 / 50","55 / 50","40+",2,0,0,0,0,0,-100,"sa3010023"
"Jackson Cluff","WSN","SS","AAA","24.0305555",,17,"","","","","35+",1,0,0,0,0,0,-100,"sa3010342"
"Nick Quintana","DET","3B","","23.1694444",,12,"30 / 45","30 / 50","55 / 55","40 / 40","40+",2,0.5,0.5,0,0,0.5,179.0770976423915,"sa3010390"
"Bryant Packard","DET","LF","","23.1888888",,18,"30 / 45","35 / 55","55 / 55","30 / 30","40",1,0,0,0,0,0,-100,"sa3010590"
"Drew Mendoza","WSN","1B","","23.1777777",,11,"30 / 45","40 / 55","60 / 65","45 / 40","40",1,0,0,0,0,0,-100,"sa3011256"
"Logan Wyatt","SFG","1B","","22",,33,"30 / 50","35 / 50","50 / 55","30 / 30","35+",0,0,0,0,0,0,-100,"sa3011259"
"Thomas Dillard","MIL","1B","AA","22.8",,19,"30 / 40","35 / 60","65 / 65","35 / 35","40",1,0,0,0,0,0,-100,"sa3011308"
"Jeremy De La Rosa","WSN","RF","AA","18.9111111",,13,"20 / 50","20 / 55","50 / 60","40 / 30","40",0,0,0,0,0,0,-100,"sa3011329"
"Hunter Bishop","SFG","CF","AAA","21.4",,4,"30 / 45","35 / 60","65 / 65","60 / 55","45+",9,0.222222222,0.125,0,0.111111111,0.222222222,3.3019931388968033,"sa3011413"
"Andrew Daschbach","BAL","RF","","23.1444444",,36,"30 / 50","35 / 50","55 / 55","40 / 40","35+",1,0,0,0,0,1,-100,"sa3011414"
"Yolbert Sanchez","CHW","SS","","23.7805555",,19,"30 / 45","40 / 45","20 / 40","60 / 60","40",2,0,0,0,0,0,-100,"sa3011471"
"Buddy Reed","OAK","CF","","25.6305555",,28,"35 / 35","30 / 35","50 / 50","70 / 70","35+",17,0.176470588,0,0,0.176470588,0.352941176,-31.280481742281502,"sa738683"
"Will Toffey","NYM","3B","","25.9555555",,24,"40 / 50","30 / 40","50 / 50","50 / 50","40",11,0.363636363,0.125,0,0.272727272,0.181818181,66.67883351242705,"sa829401"
"Jeren Kendall","LAD","CF","","24.8611111",,40,"30 / 35","40 / 45","55 / 55","70 / 70","35+",18,0.277777777,0.444444444,0.166666667,0,0.333333333,86.4086795363743,"sa829529"
"Micker Adolfo","CHW","RF","","24.2583333",,10,"30 / 35","50 / 60","70 / 70","40 / 40","40+",16,0.25,0.153846153,0.076923077,0.1875,0.6875,24.884410642275263,"sa830303"
"Pedro Gonzalez","TEX","CF","","23.1305555",,34,"30 / 35","40 / 50","55 / 60","55 / 50","40",2,0,0,0,0,0.5,-100,"sa872568"
"C.J. Chatham","BOS","SS","","25.9777777",,21,"35 / 45","30 / 40","45 / 45","50 / 50","40",18,0.277777777,0.071428571,0,0.166666666,0.166666666,23.573982155040845,"sa873984"
"Desmond Lindsay","NYM","CF","","23.9138888",,27,"30 / 40","40 / 50","60 / 60","60 / 55","35+",1,0,0,0,0,1,-100,"sa874792"
"Moises Gomez","TBR","RF","AAA","21.6",,25,"30 / 40","40 / 55","60 / 60","50 / 40","40",7,0.142857142,0.142857142,0,0,0.428571428,-29.82450451027209,"sa875163"
"Ronaldo Hernandez","TBR","C","","22.4",,15,"30 / 45","40 / 50","60 / 60","30 / 30","45",16,0.1875,0.1875,0,0,0.1875,-3.7118042411891436,"sa881850"
"Omar Estevez","LAD","2B","","22.8027777",,23,"45 / 55","40 / 45","50 / 50","30 / 30","40",17,0.235294117,0.333333333,0.2,0.058823529,0.235294117,53.0249967272047,"sa914242"
"Jeison Guzman","KCR","SS","AA","22.1833333",,27,"45 / 50","30 / 35","45 / 45","55 / 55","40",22,0.318181818,0.45,0.2,0.09090909,0.5,104.6173198589005,"sa914314"
"Ricardo Genoves","SFG","C","AAA","20.5",,21,"30 / 50","30 / 45","55 / 60","20 / 20","40",3,0,0,0,0,0.333333333,-100,"sa916844"
"Wander Javier","MIN","SS","","21.9583333",,12,"30 / 50","30 / 45","45 / 55","55 / 50","40+",4,0.25,0,0,0.25,0.25,2.9297947698251625,"sa917168"
"Eduardo Diaz","ARI","CF","","23.4027777",,43,"30 / 40","30 / 50","50 / 55","55 / 55","35+",1,1,2,1,0,0,703.1484691525147,"sa917182"
"Lolo Sanchez","PIT","CF","","21.6416666",,29,"35 / 50","20 / 45","30 / 45","60 / 60","40",7,0.571428571,1.666666666,1.166666666,0.142857142,0.142857142,439.50752002122255,"sa917767"
"Hudson Potts","SDP","3B","","22.1277777",,11,"30 / 40","45 / 50","60 / 60","40 / 40","45",9,0.333333333,0.555555555,0.222222222,0,0.333333333,133.05837852590278,"sa917936"
"Logan Davidson","OAK","SS","AAA","22.9944444",,5,"30 / 45","30 / 50","55 / 55","55 / 50","45",11,0.272727272,0.222222222,0,0.09090909,0.272727272,35.26110304862309,"sa918676"
"Chavez Young","TOR","CF","","23.4333333",,35,"30 / 50","50 / 50","40 / 45","55 / 55","35+",11,0.181818181,0.1,0,0.09090909,0.727272727,-17.91385022660036,"sa918963"
"Jhailyn Ortiz","PHI","RF","","22.0722222",,17,"30 / 40","35 / 60","70 / 70","40 / 30","40",7,0.285714285,0.666666666,0.5,0,0.428571428,140.72745021196374,"sa920180"
"Luis Santana","HOU","2B","","21.4",,20,"35 / 60","30 / 35","40 / 45","40 / 40","40",2,0,0,0,0,0.5,-100,"sa921577"
"Yasel Antuna","WSN","3B","","21.1333333",,12,"20 / 45","20 / 50","45 / 55","55 / 50","40",1,0,0,0,0,1,-100,"sa962601"
"Lazaro Armenteros","OAK","LF","","21.5611111",,33,"20 / 30","35 / 55","60 / 60","60 / 55","35+",4,0.25,0.25,0,0,0,32.84597613552699,"sa969091"