Name,Org,Pos,Current Level,Age,Top 100,Org Rk,FB,SL,CB,CH,CMD,FV,IP,K%,BB%,GB%,ERA,xFIP,playerId
"Adrian Houser","MIL","RHP","AAA","27.3583333",,28,"60 / 60","","45 / 45","55 / 55","45 / 45","40",29.2,0.25210084,0.08403361,0.569444444,1.5168542576595387,4.344639668715946,"12718"
"Reymin Guduan","HOU","LHP","","28.2361111",,36,"","","","","","35+",38.1,0.27325581,0.11627907,0.643564356,2.3478262816575324,4.1103750387955795,"13058"
"Clay Holmes","PIT","RHP","MLB","27.2055555",,29,"60 / 60","","55 / 55","45 / 45","40 / 40","40",29.2,0.17482517,0.15384615,0.539325842,5.460673572168075,6.200474890886154,"13649"
"Walker Lockett","NYM","RHP","MLB","26.1055555",,17,"55 / 55","","50 / 55","50 / 55","40 / 45","40",72.2,0.1630094,0.04075235,0.536290322,4.087155784503876,4.509436005460868,"13804"
"Alec Mills","CHC","RHP","","28.5305555",,17,"45 / 45","50 / 50","40 / 40","55 / 55","55 / 60","40",109,0.21413276,0.06852248,0.4,4.954128440366972,5.233699409403933,"13834"
"Branden Kline","BAL","RHP","","28.7",,20,"65 / 65","50 / 55","","45 / 50","40 / 45","40",28.2,0.29545455,0.12121212,0.405405405,5.965115617584005,3.787133064214293,"14101"
"Ray Black","SFG","RHP","AAA","29.9583333",,17,"80 / 80","55 / 55","","","35 / 35","40",34,0.35460993,0.12765957,0.371428571,4.235294117647059,3.992753949450344,"14244"
"Yohander Mendez","TEX","LHP","MLB","25.4",,36,"","","","","","35+",29.1,0.26277372,0.08759124,0.419753086,5.82954603892349,4.1944200258657585,"14391"
"Jandel Gustave","SFG","RHP","","27.6638888",,26,"70 / 70","55 / 55","","","40 / 40","35+",29.1,0.2265625,0.09375,0.470588235,5.522727871236787,5.192929576913156,"14665"
"Anthony Banda","TBR","LHP","MLB","26.8361111",,18,"55 / 55","50 / 50","40 / 45","50 / 55","40 / 45","45",33.1,0.22758621,0.09655172,0.4375,5.670000540733389,4.38702408411995,"14706"
"Ty Buttrey","LAA","RHP","","27.1972222",,14,"70 / 70","","55 / 55","60 / 60","45 / 45","40+",8.2,0.36363636,0.12121212,0.588235294,2.076922315112512,3.170901372700162,"14719"
"Bobby Wahl","MIL","RHP","","28.2222222",,19,"60 / 60","","60 / 60","40 / 40","40 / 40","40",1.2,0.22222222,0.22222222,0.2,16.199967942301292,7.079327555910277,"14832"
"Giovanny Gallegos","STL","RHP","MLB","28.825",,34,"60 / 60","","55 / 55","50 / 50","40 / 40","40",4.2,0.55555556,0.05555556,0,7.714280065229232,2.5290005294355344,"14986"
"Alex Reyes","STL","RHP","","25.7833333",45,1,"70 / 70","45 / 50","60 / 70","55 / 60","40 / 50","55",45.1,0.27804878,0.16097561,0.43119266,5.757353344900001,5.10918108751631,"15015"
"Yency Almonte","COL","RHP","","26.0194444",,17,"60 / 60","50 / 55","","45 / 50","40 / 45","40",35.1,0.20454545,0.17045455,0.431372549,4.839623076926814,6.42020817181548,"15068"
"Jose De Leon","TBR","RHP","","27.8444444",,22,"45 / 50","45 / 45","50 / 50","60 / 60","50 / 55","40+",56,0.30705394,0.12448133,0.312977099,3.5357144061400008,4.549670534736208,"15463"
"Stephen Gonsalves","MIN","LHP","","25.925",,31,"45 / 45","50 / 50","45 / 45","55 / 55","45 / 45","40",21,0.29787234,0.11702128,0.396226415,4.714285714285714,4.281418520283132,"15492"
"Hunter Harvey","BAL","RHP","MLB","25.5055555",,22,"60 / 60","","60 / 60","45 / 45","40 / 45","40",77.2,0.25595238,0.08035714,0.386792452,5.098712237660476,3.6347851246700267,"15507"
"Lewis Thorpe","MIN","LHP","AAA","24.55",,13,"50 / 50","50 / 50","60 / 60","45 / 50","45 / 50","40",101,0.29039813,0.06323185,0.409774436,4.900990191563336,3.7908188895598713,"15906"
"Keury Mella","CIN","RHP","AAA","26.8583333",,15,"55 / 55","","55 / 55","45 / 50","40 / 45","40",146.1,0.15733737,0.0892587,0.512605042,5.289294093828265,5.396790519130807,"15964"
"Nick Burdi","PIT","RHP","","27.3944444",,27,"60 / 60","55 / 60","","","40 / 40","40",10,0.325,0.15,0.428571428,1.8,4.182999330759048,"16074"
"Zach Thompson","CHW","RHP","MLB","26.6333333",,24,"","","","","","35+",84,0.25549451,0.07417582,0.476793248,4.821429228296175,3.9157152776552744,"16094"
"Daniel Ponce de Leon","STL","RHP","AAA","28.4027777",,25,"50 / 50","","55 / 55","45 / 50","50 / 50","40",99.2,0.22632794,0.12702079,0.379182156,3.792642454985245,6.1912339450130265,"16110"
"Spencer Turnbull","DET","RHP","","27.7583333",,18,"60 / 60","55 / 55","","45 / 50","40 / 45","40",18.2,0.32835821,0.02985075,0.731707317,1.4464283066289034,2.3793185754126425,"16207"
"Jesus Tinoco","COL","RHP","MLB","25.1138888",,16,"60 / 60","50 / 50","55 / 55","40 / 40","40 / 40","40",39.2,0.15976331,0.12426036,0.554621848,3.630251809909419,5.694926636115155,"16300"
"Gerardo Reyes","SDP","RHP","","27.0777777",,40,"70 / 70","55 / 55","","","40 / 40","40",54.2,0.29411765,0.09663866,0.292857142,4.939025136986323,4.895102850443032,"16306"
"Ryan Castellani","COL","RHP","AAA","24.1944444",,10,"50 / 50","50 / 55","45 / 45","50 / 55","40 / 45","40+",49.1,0.21338912,0.13807531,0.4375,7.662162952130596,6.118647612842367,"16377"
"Scott Blewett","KCR","RHP","AAA","24.1694444",,14,"55 / 60","","50 / 55","40 / 45","45 / 55","40",111.2,0.17624521,0.10536398,0.383561643,7.011940817506879,6.434506065000006,"16427"
"Foster Griffin","KCR","LHP","","24.8722222",,18,"40 / 40","","55 / 55","50 / 55","50 / 55","40",136,0.19543974,0.10912052,0.495121951,5.227941689709941,6.022151940679098,"16432"
"Erik Swanson","SEA","RHP","MLB","26.7694444",,12,"60 / 60","45 / 50","","45 / 50","50 / 55","40+",28.2,0.25,0.12121212,0.329268292,5.651164044039536,5.577713711732283,"16587"
"Bryan Abreu","HOU","RHP","MLB","23.1361111",,9,"55 / 55","55 / 60","60 / 60","40 / 45","40 / 45","45",94.1,0.31386861,0.13868613,0.420560747,5.247350212345544,3.9582451569289603,"16609"
"Carlos Sanabria","HOU","RHP","","23.3805555",,31,"","","","","","35+",67,0.29861111,0.14236111,0.388157894,2.8208955286618833,3.9750946193420558,"16634"
"James Bourque","WSN","RHP","","26.9222222",,15,"","","","","","35+",67,0.29276316,0.12828947,0.437869822,4.835820757856775,4.212264359724401,"16668"
"Dean Deetz","HOU","RHP","","26.5333333",,37,"","","","","","35+",40,0.31746032,0.2010582,0.430232558,6.3,5.291182882431895,"16687"
"Josh James","HOU","RHP","","27.2583333",98,5,"70 / 70","55 / 55","","55 / 55","40 / 45","50",7.2,0.16216216,0.13513514,0.307692307,5.869570267452698,6.6008840930562735,"16794"
"Reed Garrett","DET","RHP","MLB","27.4416666",,23,"60 / 60","60 / 60","","40 / 45","45 / 45","40",51.2,0.21338912,0.11297071,0.422077922,5.574194440097535,5.5142658960373065,"16866"
"Touki Toussaint","ATL","RHP","","23.975",57,8,"60 / 60","","65 / 65","55 / 60","40 / 45","50",55.1,0.23616236,0.11439114,0.419753086,7.807227749491764,5.138106940356001,"16929"
"Luis F. Ortiz","BAL","RHP","MLB","24.7194444",,31,"","","","","","35+",72.1,0.16119403,0.09552239,0.431535269,6.843318453551856,5.7095902901021365,"16942"
"Grant Holmes","OAK","RHP","MLB","24.2194444",,13,"50 / 50","55 / 55","","40 / 45","40 / 45","40",87.1,0.225,0.07777778,0.508333333,3.1946567443762057,3.986347595658357,"16944"
"Jake Jewell","LAA","RHP","AAA","27.0694444",,25,"60 / 60","60 / 60","","40 / 40","40 / 45","40",47,0.24509804,0.08333333,0.503816793,4.595744494347086,4.395276460327295,"16958"
"Tyler Beede","SFG","RHP","","27.05",,13,"60 / 60","","50 / 50","55 / 55","40 / 40","40",45,0.33695652,0.09782609,0.37113402,3.199999864366325,4.146307606345345,"16981"
"Sean Reid-Foley","TOR","RHP","MLB","24.7805555",,6,"55 / 60","55 / 60","50 / 50","45 / 50","45 / 45","45",104,0.24532225,0.15176715,0.446886446,6.75,5.320845357529246,"17034"
"Joe Palumbo","TEX","LHP","","25.625",,6,"60 / 60","","55 / 60","50 / 55","40 / 45","45",82.1,0.3264095,0.11275964,0.406593406,3.1700401630100092,3.7704728724142877,"17035"
"Yoan Lopez","ARI","RHP","AAA","27.4416666",,19,"70 / 70","60 / 60","","","45 / 45","40",8,0.15151515,0.06060606,0.538461538,4.5,5.020800244808197,"17181"
"Ranger Suarez","PHI","LHP","MLB","24.7916666",,12,"50 / 50","50 / 55","45 / 50","50 / 55","45 / 55","40",42,0.19889503,0.0718232,0.53543307,6,4.695219580829144,"17277"
"Justus Sheffield","SEA","LHP","","24.0777777",60,1,"55 / 55","55 / 60","","50 / 55","45 / 50","50",137,0.23883162,0.10309278,0.48275862,4.007299270072993,4.300556386865839,"17285"
"Javy Guerra","SDP","RHP","","24.7111111",,34,"60 / 70","40 / 55","","","35 / 45","40",21.1,0.34883721,0.11627907,0.347826086,3.3750005029142653,3.420156558433876,"17292"
"Framber Valdez","HOU","LHP","MLB","26.5611111",,22,"55 / 55","","60 / 60","","40 / 45","40",61.1,0.30620155,0.09302326,0.678321678,3.9619568502970863,3.408160135907725,"17295"
"Justin Steele","CHC","LHP","MLB","24.9166666",,5,"50 / 50","","50 / 55","45 / 50","40 / 50","45",38.2,0.24705882,0.11764706,0.432692307,5.586206161734987,3.80857853074424,"17312"
"Merandy Gonzalez","MIA","RHP","AA","24.6722222",,26,"50 / 50","","55 / 55","45 / 50","40 / 45","40",50.1,0.21399177,0.15226337,0.496688741,5.543045427706736,4.799239883067721,"17313"
"Luis Escobar","PIT","RHP","ST","24.0305555",,7,"60 / 60","","50 / 55","50 / 60","30 / 40","45",72,0.23472669,0.1318328,0.489247311,3.2499999892380504,4.889934282497235,"17345"
"Brett Martin","TEX","LHP","","25.1194444",,25,"50 / 50","","50 / 50","45 / 50","45 / 50","40",23.2,0.31683168,0.06930693,0.568965517,0.7605632781225825,3.094068632258174,"17369"
"Jonathan Hernandez","TEX","RHP","","23.9305555",,19,"60 / 60","60 / 60","50 / 50","40 / 45","40 / 40","40",97.1,0.22588235,0.09882353,0.465703971,5.363013880354963,4.121239153164305,"17464"
"Chad Sobotka","ATL","RHP","","26.9194444",,22,"65 / 65","50 / 55","","40 / 45","40 / 45","40",30.1,0.31617647,0.07352941,0.379746835,6.230767924808057,4.013536848095559,"17470"
"Albert Abreu","NYY","RHP","","24.7083333",,6,"65 / 65","55 / 60","55 / 60","55 / 60","40 / 45","45",101,0.2034632,0.12121212,0.422297297,4.099010442848453,4.318616489330046,"17485"
"Genesis Cabrera","STL","LHP","MLB","23.6694444",,14,"60 / 60","45 / 45","45 / 45","50 / 55","40 / 40","40",102,0.23632385,0.0940919,0.402684563,6.352941176470588,5.6237149051007105,"17490"
"Jorge Guzman","MIA","RHP","","24.3694444",,11,"60 / 65","50 / 55","","45 / 55","40 / 45","45",138.2,0.22597865,0.12633452,0.328571428,3.504807949418871,4.4292986878742235,"17505"
"Ryan Burr","CHW","RHP","MLB","26.0361111",,29,"","","","","","35+",11.1,0.4047619,0,0.6,2.382353609408662,1.360836825007914,"17536"
"Jimmy Herget","CIN","RHP","MLB","26.7555555",,17,"55 / 55","55 / 55","","","50 / 55","40",64,0.27737226,0.1350365,0.341772151,3.374999899417165,5.019900764934481,"17556"
"JT Brubaker","PIT","RHP","MLB","26.5666666",,22,"60 / 60","50 / 50","55 / 55","40 / 45","40 / 45","40",33.2,0.21481481,0.05925926,0.531914893,2.1386136594513943,4.069175452595055,"17578"
"Ricardo Sanchez","SEA","LHP","","23.1666666",,25,"","","","","","35+",147,0.22204214,0.06158833,0.505827505,4.408163265306122,3.5023805101307075,"17581"
"Marcos Diplan","MIL","RHP","","23.7305555",,18,"60 / 60","50 / 55","","55 / 60","40 / 45","40",73,0.23123123,0.15615616,0.38,5.547945060522391,4.806106591747777,"17583"
"Jordan Yamamoto","MIA","RHP","","24.0833333",,23,"45 / 45","50 / 55","55 / 60","50 / 55","50 / 55","40",69.1,0.22996516,0.09756098,0.453038674,3.504807949418871,4.037282557809931,"17585"
"Mitch Keller","PIT","RHP","MLB","24.1861111",37,2,"60 / 60","","55 / 60","40 / 50","50 / 60","55",107.2,0.26956522,0.0826087,0.440140845,4.2631582975271405,4.067012432568063,"17594"
"Cristian Javier","HOU","RHP","MLB","23.2083333",,26,"45 / 50","45 / 50","55 / 60","45 / 50","40 / 45","40",115,0.37310195,0.12798265,0.284403669,1.7217391322195417,3.4872736097901895,"17606"
"Tanner Rainey","WSN","RHP","MLB","27.4611111",,11,"65 / 70","55 / 60","","40 / 40","35 / 40","40",22.2,0.33027523,0.13761468,0.535714285,5.955881517651289,4.446121033694394,"17610"
"Taylor Clarke","ARI","RHP","MLB","27.0777777",,18,"50 / 50","","50 / 50","50 / 50","50 / 55","40",50,0.16901408,0.07981221,0.419354838,5.399999794006355,5.586709470202431,"17611"
"Justin Lawrence","COL","RHP","MLB","25.5444444",,27,"70 / 70","50 / 55","","","30 / 35","35+",44.1,0.19069767,0.15348837,0.541984732,8.120301334144573,5.17205620348906,"17639"
"Cody Carroll","BAL","RHP","","27.6555555",,19,"65 / 70","55 / 60","","","40 / 45","40",9,0.38888889,0.02777778,0.25,2,3.164649810145299,"17664"
"Jeffrey Springs","TEX","LHP","MLB","27.725",,29,"50 / 50","45 / 50","","55 / 60","45 / 50","40",18.1,0.35443038,0.08860759,0.365853658,4.418182584274047,3.689561962625145,"17677"
"Rogelio Armenteros","HOU","RHP","","25.9472222",,12,"45 / 45","45 / 50","","60 / 60","50 / 55","40+",89.1,0.22597403,0.08311688,0.323076923,4.634328622068071,5.671507720973114,"17679"
"Evan Phillips","BAL","RHP","MLB","25.75",,24,"60 / 60","50 / 55","","50 / 55","40 / 45","40",49.1,0.26086957,0.09661836,0.511811023,3.101350831759159,4.071607401440593,"17734"
"Jacob Nix","SDP","RHP","","24.4222222",,53,"","","","","","35+",31,0.25,0.09090909,0.444444444,2.6129024219813126,4.630716032475661,"17775"
"Patrick Weigel","ATL","RHP","AA","25.925",,21,"60 / 65","55 / 55","45 / 50","45 / 50","40 / 45","40",80.2,0.2119403,0.12238806,0.391089108,2.789256150257506,5.529514927139332,"17792"
"Trey Wingenter","SDP","RHP","","26.1555555",,31,"70 / 70","60 / 60","","","40 / 40","40",13.1,0.45283019,0.09433962,0.478260869,2.7000006558002636,2.5211344161301574,"17793"
"Dillon Tate","BAL","RHP","","26.1111111",,23,"45 / 45","55 / 55","","50 / 55","45 / 50","40",49,0.21078431,0.05882353,0.503496503,3.6734685208689277,3.730031268062346,"17796"
"Adbert Alzolay","CHC","RHP","","25.2777777",,4,"60 / 60","","60 / 60","40 / 45","45 / 50","45+",69.1,0.31125828,0.10927152,0.309523809,4.802884967722157,5.056490622206331,"17859"
"Ian Gibaut","TBR","RHP","","26.5611111",,30,"55 / 55","55 / 60","","70 / 70","40 / 45","40",18,0.25274725,0.16483516,0.416666666,4.5,5.604186345098172,"17871"
"Dennis Santana","LAD","RHP","MLB","23",,12,"55 / 55","","60 / 60","50 / 50","45 / 50","40+",102,0.24536082,0.12164948,0.424137931,7.058823661408212,5.543781547853011,"17878"
"Trent Thornton","TOR","RHP","MLB","26.6972222",,10,"60 / 60","55 / 60","55 / 60","45 / 50","40 / 45","45",15,0.25806452,0.08064516,0.45,4.8,4.587466911474864,"17948"
"Brock Burke","TEX","LHP","MLB","23.8527777",,16,"55 / 55","","50 / 55","45 / 50","40 / 45","40+",65.1,0.25925926,0.06666667,0.479768786,3.7193880446599876,3.5707351478881018,"17968"
"Peter Lambert","COL","RHP","","23.1472222",120,3,"55 / 55","45 / 50","50 / 55","55 / 55","45 / 55","50",73.2,0.19551282,0.06730769,0.542600896,4.764706416938604,4.829393586496717,"17969"
"Bobby Poyner","BOS","LHP","","27.5277777",,22,"40 / 40","","50 / 50","55 / 55","60 / 60","40",67,0.26804124,0.10309278,0.222857142,4.164179223023008,5.556903210588652,"17987"
"Logan Webb","SFG","RHP","MLB","23.5916666",,9,"55 / 60","","55 / 60","45 / 50","40 / 45","40+",66,0.26568266,0.06273063,0.628571428,1.7727273175539076,2.7435515475420167,"17995"
"Matt Hall","DET","LHP","","26.8833333",,25,"","","","","","35+",89.1,0.27027027,0.07862408,0.486166007,5.5410451951212325,3.8705742501995712,"18076"
"Ryan Helsley","STL","RHP","MLB","25.8972222",,8,"60 / 60","","50 / 55","40 / 45","40 / 50","40+",42,0.25568182,0.13636364,0.433962264,4.714285928375877,5.7058996950905945,"18138"
"Anthony Misiewicz","SEA","LHP","AAA","25.6111111",,22,"45 / 45","50 / 55","55 / 60","45 / 45","45 / 50","40",131.1,0.2285192,0.06398537,0.451187335,4.59137073618974,4.774169542494251,"18152"
"Taylor Guilbeau","WSN","LHP","","27.0805555",,17,"","","","","","35+",49.2,0.26794258,0.0861244,0.587301587,2.71812063139585,3.2261908704714717,"18306"
"Josh Sborz","LAD","RHP","MLB","25.4",,28,"55 / 55","55 / 55","","","50 / 50","40",53.1,0.29957806,0.08016878,0.384615384,4.725000302754362,4.090131888450769,"18323"
"Taylor Hearn","TEX","LHP","","25.7805555",,9,"60 / 60","","50 / 50","50 / 55","40 / 45","45",24,0.2970297,0.0990099,0.315789473,5.25,4.770843132833639,"18325"
"James Kaprielian","OAK","RHP","","26.275",,11,"40 / 60","55 / 60","45 / 50","55 / 60","45 / 50","40",68,0.27075812,0.05776173,0.344444444,3.176470677332897,4.130062188700013,"18331"
"Josh Staumont","KCR","RHP","","26.4722222",,26,"","","","","","35+",57.2,0.3187251,0.16334661,0.472,3.745665276738521,5.203363209703911,"18335"
"Michael Soroka","ATL","RHP","MLB","22.8527777",36,3,"55 / 55","55 / 55","","50 / 55","45 / 55","55",9.1,0.3030303,0.03030303,0.727272727,3.8571441708783323,2.7800693952706967,"18383"
"Enyel De Los Santos","PHI","RHP","AAA","24.4611111",,7,"50 / 50","45 / 45","50 / 50","55 / 60","45 / 50","45",101,0.21596244,0.08450704,0.382978723,4.455445544554456,5.222118522094028,"18403"
"Junior Fernandez","STL","RHP","AAA","23.275",,16,"60 / 60","40 / 45","","55 / 60","40 / 45","40",65,0.29850746,0.1119403,0.523178807,1.523076923076923,3.6540385675984277,"18496"
"Dylan Cease","CHW","RHP","MLB","24.4527777",58,5,"70 / 70","","55 / 60","45 / 50","40 / 45","50",71,0.23734177,0.10759494,0.537313432,4.436619822597298,4.36290138753971,"18525"
"Sam Hentges","CLE","LHP","MLB","22.7",,10,"50 / 55","","50 / 55","45 / 50","40 / 50","45",131.2,0.21571906,0.10869565,0.346055979,4.9898738032376295,3.963158329183721,"18548"
"Logan Allen","SDP","LHP","","23.05",93,8,"50 / 50","","50 / 50","55 / 60","40 / 50","50",89.1,0.20873786,0.09466019,0.400735294,6.548507555897664,5.388357223847712,"18555"
"Hector Perez","TOR","RHP","","24.0138888",,14,"60 / 70","50 / 60","45 / 50","","30 / 40","40",125.2,0.21390374,0.11942959,0.384196185,4.511936636275518,4.1699429764485885,"18592"
"Travis Lakins Sr.","BOS","RHP","","25.95",,10,"55 / 55","","55 / 60","45 / 50","45 / 45","40",52,0.19298246,0.11403509,0.426666666,4.326923076923077,5.475427526866014,"18600"
"Jared Walsh","LAA","1B/OF/LHP","","26.8638888",,29,"45 / 45","","50 / 50","","45 / 50","35+",19.2,0.14285714,0.12087912,0.636363636,5.491524536080354,5.220450377089315,"18607"
"Sandy Alcantara","MIA","RHP","MLB","24.7611111",127,4,"65 / 65","55 / 55","45 / 50","55 / 60","40 / 45","50",15.1,0.30434783,0.15942029,0.513513513,4.695653147418218,4.4272198185380205,"18684"
"Kolby Allard","ATL","LHP","AAA","22.8277777",,12,"45 / 50","","50 / 55","45 / 55","50 / 60","45",121.2,0.20776699,0.08543689,0.491477272,4.142465645190052,4.559734528267769,"18694"
"Nick Neidert","MIA","RHP","","23.5583333",,5,"45 / 45","","45 / 50","60 / 60","55 / 60","45+",57,0.18604651,0.11627907,0.258620689,4.73684208544998,6.53346310178806,"18699"
"Pedro Avila","SDP","RHP","MLB","23.4083333",,28,"50 / 50","","55 / 60","55 / 60","45 / 55","40",34,0.27586207,0.08275862,0.388235294,4.5,3.925053920027088,"18864"
"Beau Burrows","DET","RHP","","23.7305555",,9,"50 / 55","45 / 50","45 / 50","50 / 55","45 / 50","45",74.1,0.21100917,0.11009174,0.350467289,4.843049658740238,5.51082778008832,"18873"
"Zack Burdi","CHW","RHP","","25.2555555",,21,"50 / 55","45 / 45","","50 / 50","40 / 45","40",22.2,0.27027027,0.12612613,0.287878787,6.7499990533381276,3.9750648677253295,"19159"
"Robert Dugger","MIA","RHP","AAA","24.9388888",,22,"50 / 50","55 / 55","40 / 45","45 / 50","45 / 50","40",126,0.22586521,0.07468124,0.42032967,5.214286345743615,4.576417684790917,"19191"
"Jose Quijada","MIA","LHP","MLB","24.5888888",,21,"50 / 55","55 / 60","","40 / 45","40 / 45","40",33,0.28082192,0.0890411,0.34090909,4.909090873623683,5.167113585944423,"19200"
"Dakota Hudson","STL","RHP","AAA","25.7388888",,5,"70 / 70","55 / 55","","","40 / 45","45",21.2,0.23529412,0.07058824,0.709090909,1.2461536633192702,3.6785934832700655,"19206"
"Mitch White","LAD","RHP","","24.3",,16,"55 / 55","","55 / 55","40 / 40","45 / 45","40",95.1,0.26732673,0.08415842,0.422924901,5.097901649551272,4.503590821230766,"19225"
"Gerson Bautista","SEA","RHP","AAA","25.0305555",,19,"70 / 70","50 / 50","","45 / 45","40 / 40","40",33,0.27741935,0.16774194,0.385542168,7.090909090909091,5.439392363343403,"19256"
"Ian Hamilton","CHW","RHP","MLB","24.9861111",,30,"","","","","","35+",17.1,0.23529412,0.03529412,0.491803278,11.42307901805713,3.521746985525923,"19261"
"Thomas Hatch","CHC","RHP","MLB","25.7138888",,26,"50 / 55","50 / 55","","50 / 50","40 / 40","40",137.1,0.22048611,0.07118056,0.385826771,4.521844827664749,3.6428783326384675,"19264"
"Taylor Widener","ARI","RHP","","25.6305555",102,4,"60 / 60","50 / 55","","50 / 55","50 / 55","50",107,0.23565574,0.08811475,0.329230769,7.570093457943925,5.507263375999772,"19266"
"Justin Dunn","SEA","RHP","AAA","24.7194444",89,4,"55 / 55","55 / 60","45 / 50","50 / 55","45 / 50","50",143.2,0.28737542,0.0730897,0.381081081,3.5707659140861434,3.4656387040780463,"19268"
"T.J. Zeuch","TOR","RHP","AAA","24.8611111",,13,"60 / 60","40 / 45","50 / 55","45 / 50","55 / 60","40",86.2,0.13746631,0.0916442,0.570895522,3.7384614013355915,4.992375188841225,"19269"
"Jacob Webb","ATL","RHP","MLB","26.8222222",,17,"60 / 60","55 / 55","","50 / 50","45 / 45","40",15.2,0.2027027,0.14864865,0.413043478,6.319151500601058,5.683750780012691,"19274"
"Edgar Garcia","PHI","RHP","","23.6861111",,20,"60 / 60","55 / 60","","","40 / 45","40",36,0.35820896,0.07462687,0.297297297,2.5,3.812624838120408,"19276"
"Vladimir Gutierrez","CIN","RHP","AAA","24.7305555",,8,"50 / 50","","60 / 70","40 / 45","45 / 50","45",143.2,0.19129082,0.07465008,0.409395973,6.07656599083376,5.508148513599107,"19278"
"Zac Gallen","MIA","RHP","MLB","24.8555555",,12,"50 / 50","","50 / 50","50 / 55","50 / 55","40+",100.1,0.33604336,0.04878049,0.458333333,1.883721025725255,3.6134471022593027,"19291"
"Cal Quantrill","SDP","RHP","","25.3361111",,27,"50 / 50","45 / 45","45 / 50","55 / 60","40 / 50","40",48,0.18807339,0.07798165,0.496688741,4.499999821186073,5.219797851372212,"19312"
"Matt Krook","TBR","LHP","MLB","25.6388888",,34,"50 / 50","40 / 50","","","45 / 50","40",55.1,0.24180328,0.13934426,0.673611111,4.0662652938489625,3.6909405506068693,"19315"
"Matt Festa","SEA","RHP","MLB","27.25",,20,"50 / 50","55 / 55","50 / 50","","45 / 50","40",38.1,0.25625,0.1125,0.387755102,3.0521734068209763,5.1497500720487785,"19330"
"Richard Lovelady","KCR","LHP","MLB","24.9277777",,11,"60 / 60","55 / 60","","40 / 40","50 / 55","40+",35,0.26666667,0.06666667,0.52688172,2.8285714285714287,3.7901161350138346,"19337"
"A.J. Puk","OAK","LHP","MLB","25.1277777",40,3,"60 / 65","60 / 60","50 / 55","55 / 60","45 / 50","55",25.1,0.36538462,0.09615385,0.444444444,4.973684834641511,3.486447961844094,"19343"
"Daulton Jefferies","OAK","RHP","AAA","24.8583333",,12,"55 / 55","","45 / 50","55 / 60","50 / 60","40",79,0.29153605,0.02821317,0.410628019,3.4177215189873418,3.0244328964737397,"19345"
"Dean Kremer","BAL","RHP","MLB","24.4277777",,9,"50 / 50","","55 / 60","45 / 55","45 / 50","45",113.2,0.25684211,0.07789474,0.391025641,3.7214079576784695,3.4100577970391455,"19350"
"Keegan Akin","BAL","LHP","MLB","25.1944444",,6,"55 / 55","45 / 50","","55 / 60","45 / 50","45",112.1,0.26043738,0.12127237,0.326666666,4.727003181389746,5.166086964815532,"19362"
"Tony Gonsolin","LAD","RHP","MLB","25",,6,"60 / 60","45 / 45","50 / 50","","45 / 45","45+",50.1,0.25,0.10267857,0.385714285,3.5761593017739104,5.710711337553882,"19388"
"Colin Poche","TBR","LHP","","26.4",,24,"65 / 70","50 / 55","","","50 / 55","40+",34.1,0.35031847,0.12101911,0.320987654,7.0776705582322945,4.056333360108773,"19403"
"Patrick Sandoval","LAA","LHP","MLB","23.6472222",,16,"50 / 50","50 / 55","55 / 60","40 / 50","40 / 45","40",81.2,0.25,0.11868687,0.446351931,6.391837390917996,4.375388641556813,"19447"
"Shaun Anderson","SFG","RHP","","25.6166666",,8,"55 / 60","55 / 60","50 / 50","45 / 50","40 / 45","40+",43.2,0.25,0.07608696,0.520661157,3.5038174570917455,4.285837657650839,"19453"
"Kyle Funkhouser","DET","RHP","","26.2361111",,11,"55 / 55","55 / 55","","45 / 50","40 / 50","40",98,0.23230088,0.13053097,0.507246376,6.428571553689053,4.705636671191803,"19456"
"Bryan Garcia","DET","RHP","","25.1444444",,20,"60 / 60","55 / 60","","50 / 55","40 / 45","40",41.1,0.2797619,0.0952381,0.431372549,3.0483874718927533,3.8030654709686056,"19457"
"Jorge Alcala","MIN","RHP","MLB","24.8694444",,26,"70 / 70","50 / 55","","40 / 45","40 / 40","40",110.1,0.24267782,0.08158996,0.393548387,5.46525714400501,3.627207663455485,"19459"
"Aaron Civale","CLE","RHP","MLB","23.8",,22,"40 / 40","55 / 60","55 / 60","45 / 50","50 / 60","40",72.2,0.23569024,0.05050505,0.4,2.3532112768308533,3.7485013772931106,"19479"
"Devin Smeltzer","MIN","LHP","","24.7611111",,22,"45 / 45","45 / 50","55 / 60","55 / 60","50 / 55","40",104.1,0.25120773,0.0531401,0.387681159,2.7603835211505108,4.168759325393625,"19487"
"Mike Shawaryn","BOS","RHP","","25.7333333",,16,"50 / 50","50 / 55","","45 / 50","45 / 50","40",94,0.2039312,0.12776413,0.408396946,4.500000639164792,5.567864706254812,"19495"
"Ryan Hendrix","CIN","RHP","","25.4861111",,21,"55 / 55","","60 / 60","","40 / 45","40",25.1,0.30693069,0.07920792,0.438596491,1.7763160123719683,2.959202149940082,"19535"
"Jimmy Lambert","CHW","RHP","","25.5638888",,14,"45 / 50","50 / 55","50 / 55","50 / 55","45 / 50","40",65.1,0.27083333,0.10069444,0.391061452,4.2704084957207264,3.3800732461133878,"19541"
"Jon Duplantier","ARI","RHP","","25.9166666",87,3,"60 / 60","55 / 60","50 / 50","45 / 55","50 / 55","50",45,0.26395939,0.16243655,0.472222222,5.2,5.025658703843752,"19546"
"Geoff Hartlieb","PIT","RHP","MLB","26.5055555",,28,"60 / 60","50 / 55","","30 / 40","40 / 45","40",50.1,0.27669903,0.0776699,0.623076923,3.218542517844538,3.272961912103568,"19558"
"Bernardo Flores Jr.","CHW","LHP","AAA","24.8",,25,"","","","","","35+",99.2,0.21375921,0.04422604,0.544520547,3.7023414441522626,3.0569555497306062,"19561"
"David Bednar","SDP","RHP","MLB","25.6694444",,42,"60 / 60","","60 / 60","","30 / 40","40",60,0.3562753,0.07287449,0.462121212,2.85,2.5477254676322145,"19569"
"JoJo Romero","PHI","LHP","MLB","23.7277777",,6,"45 / 45","","50 / 55","50 / 55","45 / 55","45",119.1,0.18679245,0.09622642,0.497267759,5.50558612285711,4.665703098393276,"19574"
"Brandon Bailey","HOU","RHP","AA","25.6444444",,21,"50 / 50","45 / 50","55 / 55","55 / 60","40 / 45","40",94.2,0.27295918,0.10459184,0.368644067,3.232394713538233,3.7808002069441944,"19582"
"Forrest Whitley","HOU","RHP","MLB","22.7388888",4,1,"70 / 70","60 / 65","60 / 60","60 / 70","40 / 50","65",74.2,0.30205279,0.14369501,0.392265193,6.991072023857663,4.34209758651554,"19586"
"Cionel Perez","HOU","LHP","MLB","24.1388888",100,6,"55 / 60","55 / 60","55 / 60","40 / 45","40 / 45","50",57,0.23346304,0.10894942,0.521472392,5.21052633758397,4.838803694894494,"19614"
"Kyle Wright","ATL","RHP","MLB","24.6916666",39,5,"55 / 60","55 / 60","50 / 55","45 / 50","45 / 50","55",129,0.24772313,0.07103825,0.473239436,4.534883787981429,4.2050135888258,"19665"
"Sterling Sharp","WSN","RHP","","25.0305555",,16,"","","","","","35+",58.2,0.2122449,0.06122449,0.647058823,3.5284087850042876,2.870431898739993,"19671"
"Gregory Soto","DET","LHP","MLB","25.3333333",,26,"","","","","","35+",42.1,0.24870466,0.11917098,0.487179487,5.527559454630752,4.357413429518915,"19677"
"Sixto Sanchez","MIA","RHP","AAA","21.8666666",17,1,"65 / 65","45 / 50","55 / 60","50 / 60","45 / 55","60",114,0.22538293,0.04595186,0.493788819,2.763157894736842,2.965757658110376,"19680"
"Jordan Sheffield","LAD","RHP","","23.9",,23,"60 / 60","","60 / 60","45 / 45","40 / 40","40",55.1,0.30991736,0.18181818,0.330508474,3.9036145580491532,4.701966751842631,"19682"
"Patrick Murphy","TOR","RHP","AAA","25.0027777",,26,"","","","","","35+",89,0.23255814,0.08268734,0.518218623,4.853932584269663,3.1546079682500174,"19712"
"Dustin May","LAD","RHP","MLB","22.7638888",21,2,"55 / 60","60 / 70","","45 / 50","45 / 60","55",119,0.23943662,0.06639839,0.54968944,3.176470893712811,3.7083654014383503,"19716"
"Jonathan Loaisiga","NYY","RHP","MLB","25.6083333",,2,"60 / 60","60 / 65","","50 / 55","50 / 55","45+",33.2,0.28169014,0.08450704,0.425287356,6.148514270922758,4.477982248073438,"19753"
"Seth Elledge","STL","RHP","AA","24.0583333",,30,"55 / 55","50 / 55","","45 / 50","40 / 45","40",69.2,0.25838926,0.11744966,0.405555555,4.521531760699515,4.8050027620538405,"19766"
"Anthony Castro","DET","RHP","","25.1611111",,19,"60 / 65","55 / 60","","40 / 45","40 / 45","40",103.2,0.26576577,0.14864865,0.43548387,4.3408363639413245,3.8571267462092735,"19789"
"Keegan Thompson","CHC","RHP","MLB","25.2444444",,20,"45 / 45","45 / 50","50 / 50","45 / 50","50 / 55","40",10,0.33333333,0.02564103,0.476190476,3.6,2.769405309855938,"19795"
"Wil Crowe","WSN","RHP","","25.7555555",,5,"55 / 55","50 / 50","50 / 55","55 / 55","45 / 50","45",150.1,0.20344288,0.07511737,0.445945945,4.789357146518382,4.224429973535836,"19800"
"CD Pelham","TEX","LHP","AA","25.3055555",,22,"70 / 70","","","","40 / 40","40",36.2,0.19711538,0.20673077,0.469565217,11.536362636187931,6.868685321420299,"19820"
"Gerson Garabito","KCR","RHP","MLB","24.8111111",,19,"45 / 45","","55 / 60","45 / 50","45 / 50","40",141,0.17993631,0.0955414,0.407407407,3.765957446808511,4.835831215491532,"19835"
"Darwinzon Hernandez","BOS","LHP","","23.4833333",,2,"70 / 70","","60 / 60","45 / 50","40 / 45","45",68.1,0.28980892,0.17834395,0.411764705,4.346341786926403,4.748865740836158,"19848"
"Michael King","NYY","RHP","MLB","25.0444444",,29,"55 / 55","45 / 45","","45 / 50","45 / 50","40",46,0.22564103,0.05128205,0.507462686,5.478259733809651,3.669686676757088,"19853"
"Brandon Bielak","HOU","RHP","","24.1361111",,10,"50 / 50","50 / 55","55 / 60","45 / 50","45 / 55","45",130.2,0.23684211,0.10150376,0.460869565,3.9948982701903573,4.642034232079985,"19866"
"Griffin Canning","LAA","RHP","MLB","24.0833333",101,4,"55 / 55","55 / 60","50 / 50","45 / 55","45 / 55","50",20,0.24390244,0.08536585,0.4,3.15,4.7994856297969815,"19867"
"Tucker Davidson","ATL","LHP","","24.2111111",,20,"45 / 50","45 / 50","50 / 55","45 / 50","40 / 50","40",135,0.2522686,0.10163339,0.498525073,2.066666871059108,3.5838591999859366,"19871"
"Alex Faedo","DET","RHP","MLB","24.5805555",,15,"45 / 45","55 / 55","","40 / 45","50 / 55","40",115.1,0.2832981,0.05285412,0.327868852,3.9017342761148566,2.9674646022619537,"19874"
"Kevin Ginkel","ARI","RHP","MLB","26.2138888",,24,"60 / 60","55 / 55","","55 / 55","40 / 40","40",39.1,0.43506494,0.1038961,0.44117647,1.60169465635677,2.598544793302585,"19876"
"Tanner Houck","BOS","RHP","MLB","23.95",,5,"50 / 50","","50 / 55","45 / 50","40 / 50","40+",107.2,0.22526316,0.09684211,0.490066225,4.012384280025544,4.130564950341665,"19879"
"Alex Lange","CHC","RHP","MLB","24.6916666",,8,"45 / 45","","55 / 55","50 / 55","40 / 45","45",102.1,0.20568928,0.11597374,0.484848484,5.452768289236834,4.083697493762365,"19883"
"Corbin Martin","HOU","RHP","AAA","24.4527777",50,3,"55 / 55","55 / 60","","45 / 55","40 / 50","50",53.2,0.26872247,0.10572687,0.362962962,3.3540377836344843,5.04352128389245,"19884"
"Ryder Ryan","NYM","RHP","","25.0833333",,24,"","","","","","35+",46.1,0.20725389,0.12435233,0.406504065,3.107914010237441,4.35474559081627,"19891"
"Clarke Schmidt","NYY","RHP","MLB","24.3083333",,10,"50 / 55","55 / 55","50 / 55","45 / 55","40 / 50","45",90.2,0.272,0.07466667,0.536170212,3.4742650225965086,2.729225631702727,"19899"
"Adonis Medina","PHI","RHP","MLB","23.4805555",44,1,"55 / 60","50 / 60","","50 / 60","40 / 50","55",110.1,0.17864476,0.0862423,0.442424242,4.89426012895971,4.316692575002148,"19903"
"Jose Suarez","LAA","LHP","MLB","22.4388888",79,2,"50 / 50","","55 / 55","50 / 60","45 / 55","50",33.1,0.21985816,0.12056738,0.448275862,3.5100005355835777,5.759992953007483,"19911"
"Tony Santillan","CIN","RHP","MLB","23.1555555",131,6,"70 / 70","55 / 60","","40 / 50","40 / 50","50",107,0.19341564,0.11934156,0.353312302,4.794392608827834,4.665379821992966,"19926"
"Trevor Stephan","NYY","RHP","MLB","24.5444444",,13,"60 / 60","55 / 60","","40 / 45","40 / 50","40+",82,0.24932249,0.08130081,0.376623376,5.2682926829268295,3.5027065664873365,"19932"
"Ian Anderson","ATL","RHP","MLB","22.1083333",38,4,"55 / 55","","50 / 55","50 / 60","45 / 55","55",138.2,0.29642249,0.11243612,0.43283582,3.374999922628588,3.40064126957767,"19951"
"Jesus Luzardo","OAK","LHP","MLB","22.6972222",27,1,"55 / 55","55 / 60","","50 / 60","45 / 55","55",52.2,0.33802817,0.05633803,0.528925619,2.2215188532528183,2.9914351835549846,"19959"
"Joey Wentz","ATL","LHP","MLB","22.6805555",,11,"45 / 50","","45 / 55","60 / 60","45 / 55","45+",131,0.25457875,0.09340659,0.307246376,4.259541992485144,3.6735345597659284,"19962"
"Tyson Miller","CHC","RHP","MLB","24.8666666",,21,"50 / 50","50 / 55","","45 / 50","45 / 50","40",136.2,0.21503497,0.07517483,0.34090909,4.346341301658768,4.6238620257037555,"19976"
"Bryse Wilson","ATL","RHP","MLB","22.475",72,10,"55 / 60","45 / 55","","50 / 55","50 / 55","50",134.2,0.23434705,0.05008945,0.455958549,3.408415761125778,4.172568210493216,"19990"
"Joel Kuhnel","CIN","RHP","MLB","25.3111111",,13,"65 / 70","55 / 55","","45 / 45","45 / 50","40",55,0.23076923,0.07692308,0.389261744,2.1272726581116377,3.9484646641404813,"19995"
"Wyatt Mills","SEA","RHP","MLB","25.3777777",,15,"60 / 60","60 / 60","","45 / 55","50 / 55","40",53.2,0.29385965,0.0877193,0.544117647,5.1987572712624806,3.1248468747827265,"20010"
"Parker Dunshee","OAK","RHP","","25.3305555",,15,"55 / 55","45 / 45","50 / 50","50 / 55","50 / 60","40",132.1,0.225,0.08928571,0.357923497,4.488665103319369,5.409282970572331,"20018"
"Adrian Morejon","SDP","LHP","MLB","21.2888888",86,7,"55 / 55","50 / 55","","50 / 60","40 / 55","50",36,0.28571429,0.0974026,0.505617977,4.25,3.523632141782178,"20039"
"Ronald Bolanos","SDP","RHP","","23.8",,44,"50 / 55","","50 / 55","45 / 50","40 / 45","40",130.1,0.26055046,0.09724771,0.477203647,3.6598466901402267,3.8918593517934643,"20041"
"Bailey Falter","PHI","LHP","MLB","23.1305555",,29,"","","","","","35+",77.1,0.19435737,0.04702194,0.451882845,3.8405174939726137,3.2563334100483856,"20070"
"Mauricio Llovera","PHI","RHP","","24.15",,11,"60 / 60","50 / 55","","","45 / 50","40+",65.2,0.25174825,0.0979021,0.421348314,4.522843219127783,3.6695678113944536,"20080"
"Chris Paddack","SDP","RHP","MLB","24.425",34,4,"60 / 60","","45 / 50","60 / 70","50 / 60","55",15.1,0.375,0.046875,0.324324324,1.760869930281832,3.172177272319118,"20099"
"Michel Baez","SDP","RHP","AAA","24.3888888",129,13,"55 / 60","","50 / 55","55 / 65","40 / 50","50",27,0.33043478,0.09565217,0.365079365,2,3.280318218579999,"20100"
"Nick Nelson","NYY","RHP","","24.5166666",,15,"60 / 65","","50 / 55","","40 / 45","40",89.2,0.3015873,0.11375661,0.361502347,2.8104088148241337,3.5485222650542836,"20153"
"Nate Pearson","TOR","RHP","MLB","23.8083333",63,4,"70 / 80","60 / 65","50 / 55","45 / 55","35 / 45","50",101.2,0.30670103,0.06958763,0.394957983,2.3016392291140084,2.932545328991596,"20160"
"Kyle Muller","ATL","LHP","","22.6777777",,13,"50 / 55","50 / 50","","55 / 60","40 / 50","45",116.1,0.26131687,0.14403292,0.381818181,3.0945560599609454,4.161520690761346,"20167"
"Ben Braymer","WSN","LHP","AAA","26.1194444",,21,"","","","","","35+",139,0.19365609,0.09348915,0.318840579,4.532374100719425,4.976767678612427,"20175"
"Zach Pop","BAL","RHP","MLB","23.725",,17,"70 / 70","60 / 60","","","40 / 45","40",11.2,0.25531915,0.08510638,0.642857142,0.7714283612310243,3.2947131926101902,"20185"
"Brendan McKay","TBR","LHP/1B","","24.4805555",14,2,"55 / 55","","55 / 60","50 / 55","55 / 60","60",75.2,0.37062937,0.06293706,0.437908496,1.1894272328228226,2.4893105083548104,"20186"
"Garrett Whitlock","NYY","RHP","MLB","24",,27,"50 / 50","50 / 55","","45 / 50","50 / 55","40",70.1,0.19191919,0.06060606,0.558685446,3.0710902694839746,3.08859810590975,"20191"
"Ben Bowden","COL","LHP","AAA","25.6388888",,22,"55 / 55","","","60 / 60","40 / 40","40",57.1,0.36708861,0.11392405,0.3553719,3.4534879891275816,3.6221541690036787,"20198"
"Eli Morgan","CLE","RHP","MLB","22.9",,25,"40 / 40","45 / 45","45 / 50","60 / 70","45 / 55","40",140.2,0.25347222,0.06944444,0.291777188,3.390995138050996,3.45159684257376,"20203"
"Mike Baumann","BAL","RHP","","24.7527777",,28,"","","","","","35+",124,0.28861789,0.09146341,0.43812709,2.975806451612903,2.9407837125562852,"20206"
"Yennsy Diaz","TOR","RHP","AAA","23.5722222",,24,"55 / 60","","50 / 55","40 / 45","40 / 45","40",148.1,0.18979266,0.08931419,0.402810304,3.822471647971737,4.166168777507003,"20218"
"Tyler Ivey","HOU","RHP","AAA","24.0805555",,14,"50 / 55","45 / 50","60 / 60","45 / 50","45 / 50","40+",52.2,0.32701422,0.09478673,0.384615384,1.8797467156010357,3.1334633710400404,"20237"
"Zac Lowther","BAL","LHP","CPX","24.1138888",,8,"55 / 55","","55 / 60","45 / 50","45 / 55","45",148,0.25969646,0.10623946,0.401098901,2.554054054054054,3.4920644484661723,"20243"
"Griffin Jax","MIN","RHP","MLB","25.5527777",,35,"45 / 45","50 / 50","","50 / 55","40 / 50","40",127.1,0.18042226,0.05182342,0.479057591,2.8979058749176296,3.8060920946144714,"20253"
"Deivi Garcia","NYY","RHP","AAA","21.0611111",,3,"55 / 55","","60 / 65","40 / 50","45 / 50","45+",111.1,0.33950617,0.11111111,0.410358565,4.2844308196564596,3.278854440640605,"20276"
"Cory Abbott","CHC","RHP","","24.725",,19,"45 / 45","50 / 50","50 / 55","45 / 50","50 / 55","40",146.2,0.27759197,0.08695652,0.376693766,3.006818390365489,3.3654677259686645,"20277"
"Jhonathan Diaz","BOS","LHP","MLB","23.7444444",,24,"45 / 45","","55 / 60","45 / 50","45 / 55","35+",129,0.20774648,0.10035211,0.49318801,4.046511203485846,4.0841283129482715,"20298"
"David Peterson","NYM","LHP","MLB","24.7722222",,6,"50 / 50","50 / 55","45 / 45","50 / 55","45 / 55","45",118,0.24409449,0.07480315,0.530487804,4.3474576271186445,2.944771826065193,"20302"
"Kyle Dohy","PHI","LHP","","23.7333333",,23,"","","","","","35+",67.2,0.32110092,0.18042813,0.394736842,5.320196644434688,4.7786125191931035,"20334"
"Matt Peacock","ARI","RHP","","26.2888888",,29,"","","","","","35+",117.1,0.17721519,0.092827,0.667655786,2.9914774024043256,3.564583627477337,"20339"
"Brusdar Graterol","MIN","RHP","MLB","21.7916666",64,3,"60 / 65","50 / 60","","45 / 55","40 / 50","50",61,0.25847458,0.09745763,0.55479452,1.9180327269121786,3.4493215857813033,"20367"
"Matt Manning","DET","RHP","MLB","22.3694444",96,2,"60 / 60","","55 / 60","40 / 50","40 / 45","50",133.2,0.28083491,0.07210626,0.468277945,2.558603685990992,2.6344672424569318,"20369"
"Andres Munoz","SDP","RHP","MLB","21.4027777",,24,"80 / 80","55 / 60","","","30 / 40","40+",35.2,0.37419355,0.11612903,0.470588235,3.0280371132933435,3.366398992456487,"20373"
"Anthony Kay","NYM","LHP","AAA","25.2222222",,9,"50 / 50","","50 / 55","50 / 55","45 / 50","40+",135.2,0.23776224,0.1013986,0.349295774,3.117936307889165,4.590082404025463,"20387"
"Nick Margevicius","SDP","LHP","","23.9805555",,23,"45 / 45","","55 / 55","40 / 45","45 / 55","40+",81,0.19230769,0.05029586,0.442687747,4.333333333333333,4.262586082168568,"20395"
"Luis Madero","LAA","RHP","AAA","23.1555555",,20,"45 / 50","","55 / 60","45 / 50","50 / 55","40",111.2,0.20039683,0.06349206,0.474860335,4.755224313784864,3.720401882992312,"20399"
"Jovani Moran","MIN","LHP","MLB","23.1305555",,21,"55 / 55","45 / 50","","55 / 60","40 / 45","40",37.2,0.3313253,0.15060241,0.395061728,4.539824033756534,3.6556142769882474,"20422"
"Enoli Paredes","HOU","RHP","AAA","24.7027777",,28,"60 / 60","40 / 45","60 / 70","45 / 55","35 / 40","40",97.1,0.33933162,0.11825193,0.413793103,2.6815069434616654,3.2322735377906526,"20447"
"Huascar Ynoa","ATL","RHP","AAA","22.0361111",,18,"65 / 70","50 / 55","","45 / 50","35 / 45","40",98.1,0.24721604,0.10244989,0.475,5.033898663103041,4.377969912888373,"20468"
"Peter Solomon","HOU","RHP","","23.8194444",,20,"55 / 55","50 / 50","55 / 55","40 / 45","40 / 45","40",10.2,0.33333333,0.15555556,0.304347826,1.6874994970859596,3.8106264537674397,"20476"
"J.B. Bukauskas","HOU","RHP","AAA","23.6666666",88,4,"60 / 60","60 / 70","","55 / 60","45 / 50","50",108.2,0.26970954,0.14107884,0.48736462,4.886503524921022,4.167657665505968,"20491"
"Casey Mize","DET","RHP","MLB","23.1111111",30,1,"60 / 60","50 / 55","","","50 / 55","55",111.1,0.24601367,0.05694761,0.421232876,2.5868265098017367,3.069142252989699,"20492"
"Nick Sandlin","CLE","RHP","MLB","22.2",,23,"45 / 45","55 / 60","","45 / 50","45 / 60","40",26.1,0.33928571,0.13392857,0.49090909,2.3924053520981694,3.460972027676722,"20517"
"Denyi Reyes","BOS","RHP","","23.6083333",,17,"45 / 50","","45 / 50","45 / 50","45 / 55","40",156.1,0.17889908,0.06269113,0.325051759,4.317696947194768,4.139576004736328,"20526"
"J.C. Mejia","CLE","RHP","","22.6",,19,"50 / 55","50 / 55","","45 / 50","50 / 55","40",35,0.26573427,0.06993007,0.538461538,4.371428571428571,2.8628354072570805,"20617"
"Tyler Phillips","TEX","RHP","MLB","22.6222222",,17,"50 / 50","","50 / 50","55 / 60","45 / 55","40+",132.1,0.19216418,0.05037313,0.525252525,3.8765744039200642,3.685981763603358,"20629"
"Jordan Holloway","MIA","RHP","","23.9944444",,10,"60 / 70","","55 / 60","45 / 50","35 / 45","45",97.2,0.21590909,0.15681818,0.5,4.883958873480065,4.361641050684206,"20631"
"Elvis Luciano","TOR","RHP","","20.3222222",,29,"","","","","","35+",9.1,0.2244898,0.16326531,0.392857142,10.607146469915413,6.121848243889711,"20632"
"Yusei Kikuchi","SEA","LHP","MLB","28.9833333",74,2,"50 / 50","","60 / 60","","45 / 45","50",9,0.16216216,0.05405405,0.607142857,4,4.789095864031051,"20633"
"Johan Quezada","MIN","RHP","AAA","25.7944444",,37,"60 / 60","45 / 50","","","40 / 45","35+",52.1,0.21030043,0.12017167,0.533783783,3.4394907801430845,3.8360649483514786,"20643"
"Elvin Rodriguez","DET","RHP","MLB","22.1972222",,13,"45 / 55","","50 / 55","45 / 55","40 / 50","40",133.2,0.20071685,0.07885305,0.358638743,3.770573853039357,4.051746297463757,"20962"
"Jhoan Duran","MIN","RHP","MLB","22.425",,6,"55 / 60","45 / 50","","50 / 60","40 / 50","45",115,0.28874735,0.08492569,0.56491228,3.756521739130435,2.701463013045166,"21029"
"Emmanuel Clase","TEX","RHP","MLB","22.2305555",,21,"65 / 65","50 / 55","","","40 / 40","40",45.2,0.28176796,0.05524862,0.623931623,2.7591237802854907,2.710587069657782,"21032"
"Luis Gil","NYY","RHP","MLB","22.0222222",,9,"60 / 70","50 / 60","45 / 50","40 / 50","40 / 50","45",96,0.3022113,0.11547912,0.463963963,2.71875,3.297251834813506,"21052"
"Thomas Szapucki","NYM","LHP","","23.9972222",,8,"60 / 60","","60 / 60","40 / 50","40 / 50","45",61.2,0.27272727,0.09848485,0.426666666,2.627026891603888,3.418984680460123,"21065"
"Demarcus Evans","TEX","RHP","","23.6361111",,28,"60 / 60","","60 / 60","","35 / 40","40",61.1,0.42738589,0.17012448,0.419354838,0.8804348025731535,2.8753483131851016,"21087"
"Tommy Doyle","COL","RHP","MLB","24.1111111",,21,"60 / 60","60 / 60","","","45 / 50","40",36,0.32876712,0.0890411,0.575,3.25,2.823553692052762,"21281"
"Ryan Feltner","COL","RHP","MLB","23.775",,19,"55 / 55","","45 / 50","50 / 55","35 / 40","40",119,0.21804511,0.08646617,0.508474576,5.067226890756302,3.7707293858422952,"21446"
"Konnor Pilkington","CHW","LHP","AAA","22.7472222",,19,"45 / 45","","50 / 50","45 / 50","45 / 55","40",129,0.25414365,0.09208103,0.36231884,4.116279556662337,3.6229455391685863,"21453"
"Kris Bubic","KCR","LHP","MLB","22.8111111",,9,"50 / 50","","45 / 50","55 / 60","40 / 50","40+",149.1,0.32173913,0.07304348,0.43030303,2.229910790236023,2.720312730101205,"21455"
"Cole Sands","MIN","RHP","MLB","22.9",,29,"50 / 55","50 / 55","","50 / 55","35 / 45","40",97.1,0.28198433,0.04960836,0.390243902,2.681506989440238,2.8432490149188427,"21461"
"Sean Hjelle","SFG","RHP","MLB","23.0944444",,6,"50 / 55","","45 / 50","45 / 50","45 / 55","40+",143.2,0.22564935,0.06006494,0.613300492,3.3201858058602647,3.2621365844010204,"21481"
"Shane McClanahan","TBR","LHP","MLB","23.1194444",,20,"60 / 65","","50 / 55","45 / 50","40 / 45","45",120.2,0.30555556,0.08928571,0.433898305,3.356353821056849,2.74553083138763,"21483"
"Daniel Lynch IV","KCR","LHP","MLB","23.5666666",,3,"55 / 55","50 / 55","50 / 50","45 / 50","45 / 55","45+",96.1,0.2406015,0.0726817,0.496240601,2.98961953501029,3.2139689961271656,"21537"
"Jackson Kowar","KCR","RHP","MLB","23.6861111",,8,"55 / 55","","40 / 50","55 / 60","40 / 50","45",148.1,0.23151125,0.06913183,0.455421686,3.5191012442634237,3.660161696542606,"21549"
"Brendon Little","CHC","LHP","MLB","23.8333333",,13,"45 / 45","","50 / 55","40 / 50","40 / 45","40",55.1,0.24463519,0.11158798,0.461538461,3.578313458587087,3.9779513673052915,"21574"
"Tristan Beck","ATL","RHP","MLB","23.9638888",,19,"50 / 55","","55 / 60","45 / 50","40 / 45","40",81.1,0.26086957,0.08985507,0.484162895,3.9836060591393068,3.268680397463738,"21584"
"Luis Medina","NYY","RHP","MLB","21.1055555",,11,"60 / 65","","55 / 65","45 / 55","30 / 40","45",103.2,0.27021277,0.14893617,0.476377952,5.469453208486269,4.0386239436747955,"21649"
"Edward Cabrera","MIA","RHP","MLB","22.1611111",,13,"55 / 60","","45 / 55","45 / 50","35 / 45","40+",96.2,0.30287206,0.08093995,0.477272727,2.2344826410500023,2.7748710129008503,"21690"
"Luis Oviedo","CLE","RHP","","19.9",,8,"50 / 55","45 / 50","50 / 50","45 / 55","45 / 55","45",87,0.18947368,0.10526316,0.430830039,5.379310344827586,4.459251566453912,"21728"
"Jose Marte","SFG","RHP","","23.9916666",,29,"60 / 60","45 / 45","","50 / 55","35 / 40","35+",74,0.24615385,0.13538462,0.412060301,5.594594594594595,4.5033519638953985,"21761"
"Braxton Garrett","MIA","LHP","MLB","22.85",,8,"50 / 50","","55 / 60","45 / 55","45 / 55","45",106.2,0.26385809,0.0886918,0.526690391,3.5437498904275744,2.8057959867645024,"21844"
"Mason Thompson","SDP","RHP","MLB","22.3083333",,25,"50 / 60","50 / 50","40 / 55","50 / 60","40 / 50","40+",27.1,0.18939394,0.16666667,0.395061728,7.243903281502989,6.026569159330129,"21850"
"Riley Pint","COL","RHP","","22.5972222",,11,"70 / 70","50 / 55","70 / 70","50 / 55","20 / 30","40+",17.2,0.23469388,0.31632653,0.472222222,8.6603758001551,7.6701432310153494,"21858"
"Alex Speas","TEX","RHP","MLB","22.2694444",,30,"60 / 70","","55 / 60","40 / 45","30 / 40","40",1,0.33333333,0.33333333,0,0,7.080139991641045,"21859"
"George Soriano","MIA","RHP","MLB","21.2138888",,33,"","","","","","35+",119.2,0.19111969,0.0965251,0.419075144,3.9108638422008157,4.206537508443339,"21863"
"Jordan Balazovic","MIN","RHP","MLB","21.7333333",,15,"50 / 55","55 / 60","","45 / 50","40 / 50","40",93.2,0.33858268,0.0656168,0.422535211,2.6903913677666496,2.4192821476975706,"21866"
"Gregory Santos","SFG","RHP","MLB","20.7861111",,5,"55 / 60","50 / 60","","45 / 50","35 / 50","45",34.2,0.18181818,0.06293706,0.542857142,2.855768811773328,3.649534065474923,"21894"
"Brailyn Marquez","CHC","LHP","","21.3638888",,7,"55 / 60","","45 / 50","30 / 45","40 / 50","45",103.2,0.29223744,0.11415525,0.489959839,3.1254021784437636,3.3118381164475985,"21896"
"Yerry Rodriguez","TEX","RHP","MLB","22.6555555",,14,"55 / 55","","45 / 55","55 / 60","45 / 60","40+",73.2,0.30035336,0.07420495,0.470588235,2.0769233637224933,3.043105809630825,"21955"
"Camilo Doval","SFG","RHP","MLB","22.9361111",,11,"55 / 60","45 / 50","","","20 / 40","40+",56.1,0.32786885,0.13934426,0.52,3.8343198728229475,3.5901677255354887,"21992"
"Luis Frias","ARI","RHP","MLB","22.05",,16,"60 / 60","45 / 50","45 / 50","","40 / 45","40",76.1,0.32686084,0.09385113,0.397727272,2.8296940167520996,3.0129371483415133,"21997"
"Jose Soriano","LAA","RHP","MLB","21.6416666",,10,"55 / 60","","50 / 55","30 / 50","40 / 50","45",82.1,0.26589595,0.14739884,0.513089005,2.514170254046118,3.9171115687985227,"22100"
"Max Kranick","PIT","RHP","MLB","22.8888888",,25,"45 / 50","50 / 55","","","40 / 50","40",109.1,0.172949,0.06651885,0.437689969,3.7865855420082624,3.991783087403806,"22175"
"Tobias Myers","TBR","RHP","MLB","21.85",,29,"55 / 60","","55 / 60","45 / 55","40 / 50","40",84.2,0.17251462,0.08187135,0.429718875,2.125984172145807,4.057472566425179,"22191"
"Hans Crouse","TEX","RHP","MLB","21.7388888",,5,"60 / 60","","60 / 70","45 / 55","40 / 45","45",87.2,0.20708447,0.05177112,0.3203125,4.414449181438394,4.062991688646399,"22192"
"MacKenzie Gore","SDP","LHP","MLB","21.2972222",22,2,"55 / 55","45 / 50","50 / 55","50 / 60","45 / 60","55",101,0.35714286,0.07407407,0.4,1.693069338903698,2.990221055478317,"22201"
"DL Hall","BAL","LHP","MLB","21.7277777",69,1,"55 / 60","","55 / 60","50 / 55","40 / 50","50",80.2,0.33526012,0.15606936,0.351515151,3.4586781221094207,3.55764325671727,"22207"
"Jeremiah Estrada","CHC","RHP","MLB","21.6111111",,14,"50 / 55","","45 / 50","55 / 60","30 / 45","40",10.2,0.33333333,0.13333333,0.375,5.906248239800859,3.1977548414659394,"22210"
"Logan Gilbert","SEA","RHP","MLB","23.1",,8,"50 / 60","45 / 50","50 / 55","45 / 50","45 / 55","45+",135.2,0.31439394,0.06439394,0.371428571,2.4545454283045,3.169712522878701,"22250"
"Shane Baz","TBR","RHP","MLB","20.9833333",115,10,"55 / 60","","55 / 60","40 / 50","40 / 45","50",81.1,0.25438596,0.10818713,0.379807692,2.987705104871975,3.8557272040631347,"22264"
"Dylan Coleman","SDP","RHP","","23.7361111",,45,"60 / 60","50 / 55","50 / 55","40 / 45","35 / 45","40",34,0.25827815,0.11258278,0.46590909,3.1764706105096945,3.967586188803497,"22276"
"Matt Sauer","NYY","RHP","AA","21.3888888",,25,"50 / 60","","50 / 55","40 / 50","35 / 45","40",8.2,0.20512821,0.15384615,0.347826086,2.076922315112512,5.089964239702332,"22284"
"Trevor Rogers","MIA","LHP","MLB","22.5777777",,16,"50 / 60","45 / 50","40 / 45","50 / 55","30 / 45","40",136.1,0.26455026,0.05820106,0.396694214,2.9046455851378346,2.9017016567535223,"22286"
"Matthew Liberatore","TBR","LHP","MLB","20.5972222",71,8,"50 / 60","45 / 50","55 / 70","50 / 55","40 / 55","50",78.1,0.22891566,0.09337349,0.572769953,3.102127860998786,3.590923081682872,"22294"
"Brenan Hanifee","BAL","RHP","MLB","22.0333333",,10,"55 / 60","45 / 50","","45 / 50","45 / 50","40+",129,0.13780919,0.10070671,0.490049751,4.604651162790698,4.685578391441079,"22304"
"Chris Rodriguez","LAA","RHP","","21.8916666",,11,"60 / 60","60 / 60","55 / 55","40 / 50","40 / 50","45",9.1,0.36111111,0.11111111,0.684210526,0,2.890944477812925,"22310"
"A.J. Alexy","TEX","RHP","","22.1388888",,23,"55 / 55","","55 / 60","40 / 45","40 / 45","40",20.1,0.28089888,0.15730337,0.369565217,4.8688532202131585,4.3126350058844025,"22343"
"Johan Oviedo","STL","RHP","MLB","22.275",,26,"50 / 55","45 / 50","50 / 55","45 / 55","30 / 40","40",146.2,0.24885496,0.11603053,0.441102756,4.724999836141419,4.062090512369785,"22487"
"Taj Bradley","TBR","RHP","MLB","19.225",,50,"","","","","","35+",51,0.26511628,0.08837209,0.378787878,3.176470588235294,4.22197836120339,"22543"
"Carlos Hernandez","KCR","RHP","MLB","23.25",,20,"60 / 60","45 / 45","","50 / 55","40 / 45","40",57.2,0.27091633,0.09561753,0.384615384,5.3063580889862765,3.6501555494769806,"22713"
"Roansy Contreras","NYY","RHP","MLB","20.5944444",,5,"60 / 60","","55 / 60","40 / 50","35 / 45","45",132.1,0.2108209,0.06716418,0.400537634,3.3324934466004303,3.7983787508184053,"22810"
"Luis Patino","SDP","RHP","ST","20.625",42,5,"60 / 65","50 / 60","","40 / 55","40 / 50","55",94.2,0.31377551,0.09693878,0.366071428,2.5669013222539485,3.5145234432717753,"22815"
"Juan Then","NYY","RHP","","20.3444444",,31,"50 / 55","","50 / 55","50 / 55","35 / 50","40",48.1,0.25668449,0.06951872,0.327868852,2.9793105407787546,3.6171141994029337,"22828"
"Yoendrys Gomez","NYY","RHP","MLB","20.6555555",,30,"50 / 55","","50 / 55","40 / 50","35 / 45","40",56.1,0.218107,0.0781893,0.426751592,3.9940823894610897,4.5664329799119265,"22872"
"Francisco Morales","PHI","RHP","","20.6222222",,9,"55 / 60","50 / 60","","30 / 45","30 / 45","45",96.2,0.30935252,0.11031175,0.445887445,3.817241781010256,3.2293178049154214,"22913"
"Carlos Vargas","CLE","RHP","MLB","19.5",,11,"60 / 60","55 / 60","","40 / 50","30 / 45","45",77.2,0.21846154,0.07384615,0.465753424,4.519313896645987,3.381697234378143,"22915"
"Joan Adon","WSN","RHP","MLB","21.8305555",,20,"","","","","","35+",105,0.20134228,0.098434,0.45,3.857142857142857,4.293508659232231,"22925"
"Prelander Berroa","MIN","RHP","MLB","20.1472222",,28,"55 / 60","45 / 50","","45 / 55","35 / 45","40",50.2,0.24553571,0.11607143,0.430656934,5.8618417374810585,4.6520253488330985,"22932"
"Jake Wong","SFG","RHP","","23.7722222",,20,"50 / 50","45 / 50","","40 / 45","40 / 50","40",113,0.2172043,0.07526882,0.447949526,3.9026548672566372,4.032149848991273,"23095"
"Michael Grove","LAD","RHP","MLB","22.4",,18,"50 / 55","","50 / 55","40 / 45","40 / 50","40",51.2,0.31601732,0.08225108,0.299270072,6.096773593358824,3.335295900096175,"23221"
"Spencer Howard","PHI","RHP","","23.8694444",67,3,"60 / 60","50 / 55","50 / 55","55 / 60","40 / 45","50",71,0.34814815,0.05925926,0.450980392,2.028169020895115,2.2197084675058134,"23252"
"Cody Bolton","PIT","RHP","MLB","21.9777777",,31,"","","","","","35+",101.2,0.25123153,0.07389163,0.411985018,3.275409672200704,3.074237759787503,"23265"
"Codi Heuer","CHW","RHP","MLB","23.9388888",,23,"55 / 55","40 / 45","","50 / 55","45 / 55","40",69,0.24014337,0.05376344,0.636363636,2.347826480414848,2.749131248151097,"23293"
"Freddy Tarnok","ATL","RHP","AAA","21.5472222",,15,"50 / 60","","50 / 55","45 / 55","40 / 50","40+",106,0.19739696,0.0802603,0.384375,4.754716981132075,3.876764190372713,"23324"
"Aaron Ashby","MIL","LHP","MLB","22.0472222",,9,"50 / 55","50 / 55","55 / 60","45 / 50","40 / 50","40",126,0.25471698,0.11320755,0.487421383,3.5,3.6139329999212237,"23550"
"Clayton Andrews","MIL","LHP","","23.4361111",,25,"40 / 45","","55 / 60","55 / 60","45 / 50","40",66,0.30882353,0.09926471,0.359477124,3.272727272727273,3.157470855711818,"23631"
"Brayan Bello","BOS","RHP","MLB","21.0666666",,18,"50 / 60","","50 / 55","45 / 55","30 / 50","40",117.2,0.22623574,0.07224335,0.462857142,5.43059537033603,3.519306335727921,"23920"
"Ronny Henriquez","TEX","RHP","MLB","19.975",,20,"50 / 60","45 / 55","","","40 / 50","40",82,0.27731092,0.07563025,0.358744394,4.5,3.2061532427988406,"24094"
"Kai-Wei Teng","MIN","RHP","MLB","21.5277777",,32,"45 / 50","","45 / 55","45 / 55","35 / 45","40",79.2,0.275,0.065625,0.512820512,1.5815898571834894,3.1179765942683257,"24282"
"Grayson Rodriguez","BAL","RHP","MLB","20.5694444",,4,"60 / 60","55 / 60","50 / 60","40 / 50","40 / 50","45",94,0.34217507,0.09549072,0.437810945,2.6808510638297873,2.9448271435308966,"24492"
"Adam Kloffenstein","TOR","RHP","","19.7944444",,8,"50 / 60","50 / 55","","40 / 50","35 / 50","45",64.1,0.24710425,0.08880309,0.601226993,2.238342145877672,3.463607653274112,"24493"
"Simeon Woods Richardson","NYM","RHP","MLB","19.7055555",,7,"55 / 60","","50 / 60","45 / 55","40 / 55","45",107.2,0.28995434,0.05936073,0.458483754,4.012384208944898,2.491315877425677,"24494"
"Josiah Gray","LAD","RHP","MLB","21.4",,8,"55 / 60","50 / 55","","40 / 50","40 / 50","45",130,0.28488372,0.06007752,0.377708978,2.284615619253149,3.4864150943514085,"24580"
"Lyon Richardson","CIN","RHP","MLB","20.3972222",,11,"50 / 55","50 / 55","","45 / 50","40 / 50","40+",112.2,0.21327968,0.06639839,0.392961876,4.153846528891527,3.6526455566495346,"24581"
"Joey Gerber","SEA","RHP","AAA","23.1055555",,21,"60 / 65","50 / 55","","40 / 50","40 / 45","40",48.2,0.33823529,0.09313725,0.372727272,2.589040926773847,3.438428936616226,"24591"
"Drew Rom","BAL","LHP","MLB","20.4888888",,30,"","","","","","35+",95.1,0.30348259,0.08208955,0.457627118,2.926573582713178,2.9311732231170584,"24602"
"Austin Cox","KCR","LHP","AAA","23.2027777",,22,"","","","","","35+",130.2,0.24157303,0.07116105,0.372881355,2.7551022553036946,3.5495545110872326,"24604"
"Gus Varland","OAK","RHP","MLB","23.5972222",,23,"50 / 55","50 / 55","45 / 50","","40 / 50","40",26.1,0.25471698,0.0754717,0.371428571,2.3924053520981694,4.071657145450174,"24737"
"Frank German","NYY","RHP","","22.7194444",,32,"55 / 60","40 / 50","","40 / 50","40 / 50","40",81,0.25,0.1091954,0.460465116,4.111111111111111,3.6334324190830007,"24750"
"Brady Singer","KCR","RHP","MLB","23.8527777",,2,"50 / 55","","45 / 50","45 / 50","50 / 60","45+",148.1,0.22512235,0.06362153,0.508641975,2.8516854910410503,3.3532531451659886,"25377"
"Gerardo Carrillo","LAD","RHP","AAA","20.6",,22,"55 / 55","50 / 55","55 / 60","30 / 40","30 / 45","40",86,0.21234568,0.12592593,0.532520325,5.441860465116279,4.930418322391288,"sa3002790"
"Stiward Aquino","LAA","RHP","","20.975",,21,"50 / 60","","50 / 55","50 / 60","40 / 50","40",36.2,0.28994083,0.09467456,0.387755102,6.8727266768779165,4.172890783767217,"sa3002911"
"Yovanny Cruz","CHC","RHP","AA","20.8",,24,"50 / 55","45 / 50","","50 / 60","40 / 50","40",23.2,0.24137931,0.1637931,0.557377049,6.464787864041951,4.967777749758849,"sa3002951"
"Helcris Olivarez","COL","LHP","AA","19.8416666",,13,"45 / 55","","50 / 55","30 / 45","30 / 45","40",60.2,0.3071161,0.11610487,0.407894736,3.8571425337619543,4.240611047745526,"sa3002965"
"Ignacio Feliz","SDP","RHP","","20.6333333",,32,"40 / 50","","50 / 60","40 / 45","40 / 50","40",57.1,0.21317829,0.10465116,0.388888888,4.39534922713783,4.338190069438428,"sa3002982"
"Angel Macuare","HOU","RHP","AAA","20.2722222",,38,"","","","","","35+",30.2,0.24637681,0.15942029,0.461538461,5.869564608950759,4.1703454534848,"sa3003039"
"Tahnaj Thomas","PIT","RHP","","20.9861111",,12,"55 / 60","","50 / 60","40 / 50","45 / 55","40+",48.1,0.295,0.07,0.404958677,3.16551757449631,3.466447056706965,"sa3003066"
"Victor Santos","PHI","RHP","AAA","19.9138888",,27,"","","","","","35+",105.1,0.20554273,0.04157044,0.409836065,4.0158229787234045,3.6541426600927767,"sa3003083"
"Miguel Romero","OAK","RHP","","26.1333333",,22,"55 / 55","55 / 60","","50 / 50","45 / 50","40",75.2,0.24702381,0.11011905,0.470588235,4.044053407113285,5.102207325452919,"sa3003109"
"Matthew Peguero","TBR","RHP","","20.4138888",,51,"","","","","","35+",37,0.13372093,0.0872093,0.366412213,5.351351351351352,5.695984024091347,"sa3003164"
"Robinson Ortiz","LAD","LHP","A","19.3",,27,"45 / 50","","45 / 55","45 / 50","40 / 50","40",86.1,0.20273973,0.10958904,0.40167364,4.586872857104731,4.256488977980885,"sa3004006"
"Blake Weiman","PIT","LHP","AA","24.6",,30,"","","","","","35+",33.1,0.25179856,0.0647482,0.370786516,2.970000304484399,4.080196959490452,"sa3004211"
"Evan Kruczynski","STL","LHP","","25.1972222",,28,"50 / 50","50 / 50","45 / 50","50 / 55","45 / 50","40",149.2,0.21991085,0.10549777,0.38095238,6.2538978954760065,4.863230457027739,"sa3004341"
"Jorge Benitez","SEA","LHP","AA","21.0277777",,23,"","","","","","35+",55,0.2173913,0.15019763,0.52027027,4.909090909090909,4.795262747867541,"sa3004462"
"Drew Strotman","TBR","RHP","","23.7722222",,23,"55 / 55","50 / 55","50 / 55","45 / 50","45 / 50","40+",24,0.21621622,0.10810811,0.457142857,4.5,3.9160065773253643,"sa3004584"
"Seth Corry","SFG","LHP","","21.6055555",,12,"50 / 55","","50 / 55","50 / 55","40 / 45","40",122.2,0.33858268,0.11417323,0.446215139,1.7608697112431495,3.152671490814299,"sa3004648"
"Tony Dibrell","NYM","RHP","","24.5916666",,19,"50 / 50","45 / 50","45 / 50","50 / 55","40 / 45","40",129,0.20433996,0.10307414,0.372282608,4.465116279069767,4.138518617239911,"sa3004657"
"Jacob Heatherly","CIN","LHP","","22.0583333",,27,"","","","","","35+",8.2,0.21276596,0.12765957,0.518518518,8.307689260450047,4.0360577892116725,"sa3004736"
"Steven Jennings","PIT","RHP","AAA","21.5777777",,20,"45 / 55","50 / 55","40 / 45","30 / 50","40 / 50","40",130,0.20909091,0.07090909,0.357702349,4.707692307692308,3.9945539040061147,"sa3004812"
"Manny Ramirez","HOU","RHP","","20.5555555",,16,"55 / 60","","50 / 60","40 / 50","35 / 50","40",38,0.27040816,0.23469388,0.397727272,4.973684210526316,5.254138423678906,"sa3004833"
"David Parkinson","PHI","LHP","","24.4916666",,31,"","","","","","35+",119,0.24229979,0.08008214,0.373040752,4.084033613445378,3.395898564422832,"sa3004857"
"Benny Rodriguez","CHC","RHP","","20.8722222",,30,"35 / 50","","45 / 55","40 / 50","30 / 50","40",50.1,0.17592593,0.0787037,0.394557823,3.5761593017739104,5.238169447696642,"sa3004962"
"Ethan Lindow","PHI","LHP","","21.6555555",,34,"","","","","","35+",110.2,0.265625,0.04910714,0.390410958,2.52108456908854,3.1641008452012525,"sa3005028"
"Blayne Enlow","MIN","RHP","","21.2222222",,23,"50 / 55","50 / 60","","40 / 50","40 / 50","40",110.2,0.19957983,0.07983193,0.49375,3.8222895079729478,3.7364559792282934,"sa3005117"
"James Marinan","CIN","RHP","A+","21.6694444",,24,"50 / 60","45 / 55","","40 / 50","30 / 45","40",79.1,0.13407821,0.08379888,0.46590909,5.558823885802189,4.643002223797048,"sa3005121"
"Michell Miliano","SDP","RHP","","20.4694444",,39,"45 / 55","","50 / 60","40 / 50","30 / 50","40",21,0.3271028,0.24299065,0.4,5.142857142857143,5.916084473189853,"sa3005188"
"Matt Tabor","ARI","RHP","","21.9083333",,10,"45 / 50","","50 / 55","50 / 60","35 / 50","40+",95.1,0.26790451,0.04244032,0.419354838,2.926573582713178,2.6865865866252108,"sa3005334"
"Junior Santos","NYM","RHP","AA","18.8194444",,16,"55 / 60","45 / 50","","40 / 50","40 / 55","40",40.2,0.18274112,0.12690355,0.293650793,5.090163297789115,6.16272489937945,"sa3005470"
"Yohanse Morel","KCR","RHP","","19.8",,21,"","","","","","35+",52.1,0.22983871,0.08467742,0.493506493,6.019108865250399,3.934757057552,"sa3005685"
"Jesus Gonzalez","SDP","LHP","","18.9972222",,52,"","","","","","35+",50,0.22222222,0.06481481,0.556338028,4.86,3.9466696092486377,"sa3006069"
"Victor Munoz","TBR","RHP","","19.4611111",,54,"","","","","","35+",41.1,0.2122905,0.10055866,0.426086956,2.6129028238938203,3.9386958403488888,"sa3006381"
"Carlos Duran","LAD","RHP","AAA","17.7",,26,"50 / 55","","50 / 55","40 / 50","45 / 55","40",40.1,0.21195652,0.10869565,0.512396694,4.239669755641666,4.377558295395884,"sa3006404"
"Josh Green","ARI","RHP","","24.7805555",,17,"50 / 50","50 / 55","45 / 50","45 / 55","45 / 50","40",126.1,0.2,0.04158416,0.665753424,2.7071241195446856,3.341780606893046,"sa3006701"
"Alejandro Melean","TOR","RHP","","19.6666666",,34,"","","","","","35+",21,0.25252525,0.15151515,0.471698113,5.571428571428571,4.827612940612294,"sa3006815"
"Tanner Dodson","TBR","RHP/CF","AAA","23.0888888",,26,"60 / 65","55 / 60","","45 / 50","40 / 45","40+",17,0.17647059,0.10588235,0.576271186,5.294117647058823,3.8881155950181627,"sa3007008"
"Jake Zebron","BAL","RHP","","20.3527777",,32,"","","","","","35+",41.1,0.21264368,0.09195402,0.526785714,1.3064517736683228,3.6570303075030526,"sa3007250"
"Trey Riley","ATL","RHP","","22.1388888",,23,"55 / 60","55 / 60","50 / 55","40 / 50","35 / 45","40",58.2,0.14335664,0.16083916,0.457894736,7.670453880444104,5.742052051513646,"sa3007611"
"WIlliam English","LAA","RHP/DH","","19.4722222",,23,"45 / 55","40 / 50","","45 / 55","30 / 50","40",24.1,0.34862385,0.18348624,0.361702127,5.178082868247211,4.722466281857436,"sa3007744"
"Jackson Goddard","ARI","RHP","","23.4972222",,27,"","","","","","35+",102.2,0.2081448,0.09954751,0.460207612,2.892857429490268,3.997651363553377,"sa3007776"
"Ryan Weiss","ARI","RHP","","23.5027777",,30,"","","","","","35+",128.1,0.1842576,0.0608229,0.478908188,4.067532689195408,3.7392568853739716,"sa3007778"
"Matt Mercer","ARI","RHP","","23.7777777",,26,"","","","","","35+",57,0.265625,0.1328125,0.459459459,4.89473700589421,4.459429335248989,"sa3007837"
"Dominic Pipkin","PHI","RHP","","20.6",,30,"","","","","","35+",71.2,0.13293051,0.13595166,0.46875,5.148837940139833,5.624039301755498,"sa3007896"
"Tim Cate","WSN","LHP","","22.6972222",,6,"50 / 55","","60 / 65","40 / 45","45 / 50","40",143.2,0.23924269,0.05507745,0.562659846,3.0696057857933514,2.886478819669251,"sa3007926"
"Durbin Feltman","BOS","RHP","AA","23.1472222",,11,"70 / 70","60 / 60","","40 / 45","45 / 50","40",55,0.25104603,0.14225941,0.432624113,5.236363795256817,4.039901565377367,"sa3007959"
"Reid Schaller","WSN","RHP","AA","23.1916666",,14,"","","","","","35+",52,0.21962617,0.11682243,0.371428571,3.2884615384615383,4.452096055362087,"sa3008023"
"Ryley Gilliam","NYM","RHP","","23.8333333",,21,"55 / 60","","55 / 55","","40 / 45","40",39.2,0.31111111,0.1,0.349514563,6.579831405460822,3.276009216179532,"sa3008225"
"Ryan Rolison","COL","LHP","AAA","22.9166666",,4,"55 / 55","","55 / 60","45 / 55","35 / 45","45",131,0.23487544,0.07117438,0.428954423,4.396946628904658,3.945409894872312,"sa3008244"
"Blake Rivera","SFG","RHP","","22.4222222",,19,"55 / 55","","55 / 60","40 / 45","40 / 45","40",75,0.2652439,0.125,0.581151832,4.32,3.472393842935562,"sa3008261"
"Kohl Franklin","CHC","RHP","AAA","20.7555555",,31,"","","","","","40",42,0.28888889,0.10555556,0.455445544,2.357142857142857,3.563572431462152,"sa3008335"
"Jayson Schroeder","HOU","RHP","","20.575",,27,"50 / 55","","50 / 55","40 / 50","35 / 50","40",25,0.17605634,0.26056338,0.394736842,7.2,7.188136251598353,"sa3008356"
"John Rooney","LAD","LHP","AAA","22.3",,33,"","","","","","35+",104.2,0.20892019,0.0915493,0.383802816,2.83757947994259,4.2455650556103715,"sa3008417"
"Zach Willeman","LAD","RHP","","23.1",,30,"","","","","","35+",80.1,0.14550265,0.12698413,0.494252873,5.377593701475385,5.030646809528077,"sa3008443"
"Braxton Ashcraft","PIT","RHP","AAA","20.6833333",,14,"45 / 55","50 / 55","","40 / 45","45 / 55","40",53,0.16738197,0.0944206,0.436363636,5.773584905660377,4.225709580278622,"sa3008470"
"Griffin Roberts","STL","RHP","","23.9944444",,10,"45 / 50","60 / 65","","40 / 50","45 / 50","40",65.2,0.11392405,0.11075949,0.472972972,6.441625363364494,5.463586355116991,"sa3008483"
"Blaine Knight","BAL","RHP","","23.9527777",,18,"50 / 50","50 / 50","55 / 55","45 / 50","45 / 50","40",110.1,0.18541667,0.08958333,0.354037267,4.8126891268103815,4.379983108800335,"sa3008532"
"Justin Lewis","ARI","RHP","AA","24.7527777",,32,"","","","","","35+",115.2,0.2597137,0.08588957,0.429054054,2.8011529841049136,3.5663756687888393,"sa3008577"
"Ethan Hankins","CLE","RHP","","18.9",,15,"50 / 55","45 / 50","","45 / 50","40 / 50","40+",60,0.28629032,0.12096774,0.550724637,2.5499999189376856,3.397537249369117,"sa3008589"
"Sam Wolff","SFG","RHP","","29.1583333",,28,"55 / 55","55 / 55","55 / 55","40 / 40","40 / 40","35+",50,0.27317073,0.08780488,0.379844961,3.240000123596196,3.477528937476234,"sa503437"
"Jesus Liranzo","PIT","RHP","","25.2611111",,35,"","","","","","35+",64.1,0.20701754,0.13333333,0.365168539,4.896373298940179,5.239875723191256,"sa658076"
"Josh Graham","ATL","RHP","","26.6583333",,26,"50 / 55","50 / 60","","65 / 70","40 / 45","40",53,0.20982143,0.08928571,0.34868421,4.245282885187166,4.1804428538299465,"sa658525"
"Jose Lopez","CIN","RHP","","26.7777777",,22,"50 / 50","50 / 50","50 / 50","40 / 50","50 / 55","40",55.2,0.19101124,0.11235955,0.409090909,6.952096661950747,5.908093956755771,"sa709715"
"Raffi Vizcaino","SFG","RHP","","24.525",,27,"55 / 55","45 / 45","50 / 55","50 / 55","40 / 40","35+",62.2,0.27819549,0.13157895,0.429530201,3.1595742116421466,3.8077464592044175,"sa736742"
"Emilio Vargas","ARI","RHP","AA","23.8305555",,23,"50 / 55","50 / 55","","40 / 50","40 / 50","40",100,0.20782396,0.06112469,0.416083916,3.7800005046845158,3.9497501758437017,"sa736761"
"Oscar De La Cruz","CHC","RHP","AA","25.2694444",,15,"45 / 50","","55 / 60","40 / 45","40 / 40","40",100.2,0.2546729,0.07943925,0.371212121,3.844371176566985,3.8528896120885494,"sa737037"
"Daniel Procopio","LAA","RHP","","24.7305555",,31,"","","","","","35+",25.1,0.14782609,0.10434783,0.325581395,5.684209032897866,5.332989898485258,"sa738270"
"Alec Hansen","CHW","RHP","","25.6694444",,20,"60 / 60","45 / 50","60 / 60","40 / 45","40 / 40","40",52.1,0.27385892,0.18257261,0.409448818,4.643311368577218,4.374470948814164,"sa738344"
"Jordan Mills","WSN","LHP","","28.0833333",,19,"","","","","","35+",54.1,0.27952756,0.0984252,0.507142857,4.638037243992835,3.7454095787109454,"sa738394"
"Robert Tyler","COL","RHP","","24.9805555",,23,"60 / 60","","40 / 45","55 / 60","30 / 40","40",28.2,0.25174825,0.13986014,0.552941176,8.162789792483375,4.178547938536597,"sa738415"
"Connor Jones","STL","RHP","","25.6694444",,17,"70 / 70","","50 / 55","50 / 55","40 / 45","40",54.2,0.20930233,0.15116279,0.639240506,4.774390965753446,4.4389527492889345,"sa738697"
"Zack Brown","MIL","RHP","","25.4888888",,6,"55 / 55","","55 / 60","45 / 50","45 / 50","45",125.2,0.18307427,0.11744387,0.524804177,5.514589305814085,5.573971689517997,"sa738901"
"Orlando Romero","TBR","RHP","","23.7083333",,43,"55 / 55","","55 / 60","40 / 45","35 / 40","40",14.2,0.2173913,0.10144928,0.478260869,6.136362306342925,3.851907152404421,"sa827251"
"Mike Matuella","TEX","RHP","A+","26.0222222",,33,"","","","","","35+",43.1,0.25742574,0.15346535,0.38938053,3.946154309334894,4.355425966550732,"sa827490"
"Breiling Eusebio","COL","LHP","","23.6388888",,15,"50 / 50","","50 / 55","45 / 55","40 / 45","40",38.1,0.15428571,0.10285714,0.44,5.869565996195386,4.695062481971606,"sa828552"
"Trey Supak","MIL","RHP","","24.0305555",,17,"50 / 50","","50 / 55","50 / 55","50 / 55","40",153.2,0.19354839,0.0516129,0.433106575,3.748373350089537,4.026920387955654,"sa828707"
"Alejandra Requena","PHI","RHP","","23.5333333",,33,"","","","","","35+",113,0.21544715,0.07723577,0.454545454,4.8584070796460175,3.670451729949069,"sa828724"
"Yoan Aybar","BOS","LHP","","22.9388888",,26,"","","","","","35+",57,0.27667984,0.16205534,0.481203007,4.578947215199145,4.072653936181387,"sa829086"
"Zach Warren","PHI","LHP","","24.0055555",,26,"","","","","","35+",60,0.31128405,0.14785992,0.496183206,3.3,3.139183768630028,"sa829420"
"Malvin Pena","WSN","RHP","","22.9638888",,12,"55 / 55","50 / 55","","50 / 55","45 / 50","40",107.1,0.18238994,0.07966457,0.334319526,6.20496923813763,4.548015150848158,"sa830644"
"Luis Pena","LAA","RHP","","24.7972222",,30,"40 / 50","55 / 60","","50 / 55","40 / 40","35+",49,0.28436019,0.11848341,0.388429752,4.775510204081633,3.873251779506867,"sa837845"
"Yadier Alvarez","LAD","RHP","","23.1",,21,"65 / 65","55 / 55","55 / 60","40 / 40","30 / 35","40",3.2,0.3,0.2,0.4,14.72725900146881,4.219059502734189,"sa868984"
"Carlos Guzman","DET","RHP","AAA","22.0694444",,14,"50 / 55","","40 / 50","50 / 60","35 / 50","40",33,0.19708029,0.13138686,0.453488372,2.727272727272727,4.383481421434518,"sa871477"
"Resly Linares","TBR","LHP","","22.5",,17,"50 / 55","","55 / 60","45 / 55","45 / 55","45",4.2,0.08,0.24,0.529411764,5.785710344511887,7.01256440139043,"sa873296"
"Melvin Adon","SFG","RHP","","26.0055555",,7,"80 / 80","60 / 60","","40 / 40","30 / 40","40+",59.2,0.32442748,0.12977099,0.503649635,4.675978151883829,3.0032334162420433,"sa873314"
"Miguel Lara","TBR","RHP","A-","22.9",,44,"65 / 65","45 / 50","","50 / 60","30 / 40","40",10.2,0.26315789,0.24561404,0.2,11.812496479601718,6.646604855605817,"sa873548"
"Kit Scheetz","HOU","LHP","","26.0638888",,39,"","","","","","35+",56.2,0.26171875,0.0859375,0.45,5.558824164789101,4.379008480756589,"sa873684"
"Franklin Perez","DET","RHP","","22.5138888",,5,"60 / 60","50 / 60","45 / 50","55 / 60","40 / 50","45+",8.2,0.18918919,0.13513514,0.48,2.076922315112512,4.230751657611063,"sa873722"
"Riley Ferrell","MIA","RHP","","26.6472222",,27,"55 / 60","55 / 60","","","40 / 45","40",31.1,0.27205882,0.15441176,0.333333333,3.446807785021381,5.819238262198368,"sa874967"
"Jordan Stephens","CHW","RHP","AAA","27.7472222",,18,"45 / 50","","55 / 60","40 / 45","45 / 50","40",98.1,0.203125,0.07589286,0.37540453,6.772880786653614,4.864669883237964,"sa875031"
"Will Stewart","MIA","LHP","","22.9083333",,18,"50 / 55","50 / 50","45 / 50","45 / 50","45 / 50","40",129.1,0.17112299,0.07486631,0.518987341,5.42783462462792,3.796100877932947,"sa875247"
"Jordan Humphreys","NYM","RHP","","24",,25,"","","","","","35+",2,0.25,0.125,0.6,4.5,3.0068716526031496,"sa875762"
"Travis Herrin","LAA","RHP","","25.1166666",,28,"45 / 50","50 / 55","50 / 50","40 / 50","40 / 50","35+",106,0.22844828,0.10775862,0.437288135,5.009433962264151,4.330533116043739,"sa875780"
"Jose Mora","OAK","RHP","","22.6944444",,30,"","","","","","35+",27.1,0.45192308,0.14423077,0.421052631,2.3048783168418603,2.158978570034529,"sa875839"
"Matthias Dietz","BAL","RHP","","24.725",,25,"","","","","","35+",37,0.19617225,0.25837321,0.404255319,9.72972972972973,7.8655629793735775,"sa875993"
"Daniel Tillo","KCR","LHP","","23.9944444",,13,"55 / 55","50 / 55","","40 / 50","40 / 50","40",130.2,0.15232975,0.09677419,0.622107969,3.7193879903678693,4.045300140530946,"sa876284"
"Adam Hill","MIL","RHP","","23.2138888",,23,"45 / 50","50 / 55","","50 / 55","40 / 45","40",121.2,0.21124031,0.10658915,0.444117647,3.9205482730017485,4.157394634819954,"sa876313"
"Braden Webb","MIL","RHP","AA","25.1277777",,13,"60 / 60","","60 / 60","50 / 55","40 / 45","40",64.1,0.21478873,0.16901408,0.329268292,4.756476072853079,5.2798822664632405,"sa876362"
"Jasseel De La Cruz","ATL","RHP","","22.9583333",,28,"","","","","","35+",133,0.22201835,0.08990826,0.479338842,3.2481203007518795,3.7302703909968082,"sa879559"
"Colton Hock","MIA","RHP","","24.2388888",,30,"","","","","","35+",51.1,0.21171171,0.09009009,0.462068965,3.155844468534838,3.6217209066008653,"sa915685"
"Tyler Johnson","CHW","RHP","","24.8055555",,16,"60 / 60","50 / 55","","40 / 45","45 / 50","40",31.1,0.344,0.08,0.471428571,2.5851066452499802,2.3060579561773915,"sa915688"
"Dakota Mekkes","CHC","RHP","","25.5972222",,25,"55 / 55","55 / 55","","55 / 55","40 / 40","40",56.1,0.25769231,0.14615385,0.361702127,4.792899841028684,6.057407938004484,"sa915807"
"Luis Rijo","MIN","RHP","","21.7638888",,18,"45 / 50","","55 / 60","45 / 50","45 / 60","40",107,0.23239437,0.05399061,0.525597269,2.8598130841121496,3.2355868051263776,"sa916950"
"Joe Peguero","TBR","RHP","AA","23.1",,32,"70 / 80","","50 / 55","40 / 45","35 / 45","40",47.1,0.22680412,0.05670103,0.5078125,2.8521129825337352,3.2727778214753185,"sa917689"
"Bryan Mata","BOS","RHP","AAA","21.1055555",,9,"50 / 55","","50 / 55","50 / 55","30 / 45","40",105,0.24666667,0.09333333,0.58759124,3.4285714285714284,3.252871966436145,"sa917784"
"Manuel Silva","PHI","LHP","A+","21.4805555",,32,"","","","","","35+",89.2,0.21763085,0.09641873,0.365145228,3.6133833095602506,4.452091128712335,"sa917865"
"Jay Groome","BOS","LHP","AAA","21.8",,8,"55 / 55","","55 / 65","45 / 55","40 / 50","40+",4,0.31578947,0.05263158,0.5,2.25,1.555419021099806,"sa917925"
"Kevin Gowdy","PHI","RHP","AAA","22.5694444",,21,"50 / 60","","50 / 60","40 / 50","45 / 55","40",77,0.14971751,0.1440678,0.41563786,4.675324675324675,5.407441553957277,"sa917928"
"Reggie Lawson","SDP","RHP","","22.8583333",,19,"50 / 55","","55 / 60","40 / 50","35 / 45","45",27.2,0.29752066,0.10743802,0.38028169,5.20481867907206,3.5817542005203036,"sa917951"
"Curtis Taylor","TBR","RHP","AAA","24.8777777",,37,"60 / 60","55 / 60","","45 / 50","40 / 45","40",20.2,0.19101124,0.06741573,0.29032258,3.9193542358407303,5.051524149559761,"sa917970"
"Braeden Ogle","PIT","LHP","","22.8638888",,23,"55 / 60","","50 / 55","40 / 50","30 / 45","40",43,0.25,0.07386364,0.421052631,3.558139534883721,3.338615515883694,"sa917989"
"Christian James","NYM","RHP","","22.0472222",,20,"45 / 45","50 / 55","","40 / 50","40 / 55","40",113.2,0.1484375,0.08984375,0.476454293,5.067449133860044,4.488833661579066,"sa918327"
"Brian Howard","OAK","RHP","","25.1277777",,21,"50 / 50","","45 / 50","45 / 50","50 / 55","40",144.1,0.21474359,0.07532051,0.408878504,4.302540510467029,4.321161556466519,"sa918377"
"Kyle Young","PHI","LHP","","22.525",,22,"","","","","","35+",21,0.29761905,0.01190476,0.586206896,4.285714285714286,1.93118817735286,"sa918488"
"Yordi Rosario","PIT","RHP","","21.3638888",,33,"","","","","","35+",31.1,0.264,0.032,0.358695652,2.8723407169444224,3.8129414225605185,"sa919881"
"Jose Albertos","CHC","RHP","","21.5944444",,16,"60 / 60","","55 / 60","55 / 60","20 / 40","40",14.1,0.20895522,0.19402985,0.81081081,5.023256928035144,4.9196257347292915,"sa919907"
"Eric Pardinho","TOR","RHP","AAA","19.4333333",,9,"50 / 55","45 / 50","50 / 55","45 / 50","45 / 55","45",37.2,0.23333333,0.10666667,0.454545454,2.150442187494303,3.6447162195490788,"sa968102"