Name,Predicted_wRC+,Lower_Bound,Upper_Bound,Age,Top_100,FV_future
James Wood,119.9174575805664,17.98130989074707,140.9435119628906,21.8527777,3.0,65.0
Coby Mayo,115.4282760620117,17.9737548828125,154.6054382324219,22.6222222,21.0,55.0
Wyatt Langford,114.499137878418,17.95662498474121,146.8373870849609,22.6916666,2.0,65.0
Heston Kjerstad,109.5553131103516,17.94585800170898,154.6910552978516,25.45,26.0,55.0
Jackson Merrill,108.5716018676758,18.47021675109863,142.9958038330078,21.2638888,6.0,60.0
Junior Caminero,104.9052734375,18.00237846374512,141.9773101806641,21.0527777,8.0,60.0
Chase DeLauter,104.5023193359375,15.57346630096436,143.7059020996094,22.7944444,28.0,55.0
Brooks Lee,103.2242736816406,3.053231716156006,146.4464874267578,23.4444444,49.0,50.0
Roman Anthony,102.7647933959961,16.75011825561523,144.6376800537109,20.1972222,27.0,55.0
Emmanuel Rodriguez,102.7420806884766,14.65465068817139,135.5926361083984,21.4,37.0,50.0
Jackson Holliday,101.923828125,17.9910831451416,139.0930938720703,20.6388888,1.0,70.0
Andy Pages,101.0566101074219,0.4401068389415741,141.7061004638672,23.6277777,68.0,50.0
Michael Busch,100.6180648803711,0.439274936914444,156.3221893310547,26.7083333,74.0,50.0
Austin Wells,99.85784149169922,0.4167793691158295,137.2920379638672,25.0333333,51.0,50.0
Samuel Basallo,99.82747650146484,17.99413108825684,139.8554992675781,19.9472222,9.0,60.0
Jackson Chourio,95.96502685546875,17.95116233825684,132.0166778564453,20.3694444,5.0,65.0
Carson Williams,95.9260025024414,17.99468421936035,139.5038299560547,21.0805555,16.0,55.0
Jacob Wilson,95.37234497070312,3.583987951278687,136.8955535888672,22.3166666,86.0,50.0
Bryce Eldridge,95.20724487304688,0.7023949027061462,147.4283905029297,19.7611111,82.0,50.0
Xavier Isaac,95.10417938232422,17.99569320678711,136.7258148193359,20.6027777,22.0,55.0
Dalton Rushing,93.70270538330078,0.4484601020812988,143.6819915771484,23.425,65.0,50.0
Owen Caissie,93.56419372558594,3.405617475509644,133.3340148925781,22.0444444,69.0,50.0
Jace Jung,93.20132446289062,0.4352673590183258,137.8646850585938,23.8055555,52.0,50.0
Edgar Quero,92.14456939697266,0.5127836465835571,138.6645965576172,21.3,62.0,50.0
Josue De Paula,91.91815185546875,14.96556568145752,135.5079345703125,19.1666666,29.0,55.0
Hunter Goodman,91.19267272949219,0.6008946299552917,143.4420776367188,24.7944444,250.0,47.5
Kristian Campbell,91.1063461303711,0.4396346211433411,139.8149719238281,22.0722222,250.0,47.5
Matt Shaw,90.56954956054688,15.01534461975098,139.8004150390625,22.7166666,33.0,55.0
Justin Foscue,90.55587005615234,0.4127936363220215,131.3737640380859,25.3944444,250.0,45.0
Kyle Manzardo,89.87203216552734,0.4001207053661346,133.6418914794922,24.0166666,250.0,45.0
Walker Jenkins,89.79754638671875,15.56169414520264,140.3715057373047,19.4305555,30.0,55.0
Spencer Jones,89.71736145019531,17.96004104614258,135.5825958251953,23.1944444,15.0,55.0
Curtis Mead,89.52840423583984,14.98015880584717,135.3504180908203,23.7444444,32.0,55.0
Marcelo Mayer,88.61504364013672,2.77328085899353,138.0321350097656,21.6166666,43.0,50.0
Joey Ortiz,88.52791595458984,2.620756864547729,128.3316345214844,26.0277777,42.0,50.0
Deyvison De Los Santos,88.13706970214844,3.483039140701294,132.9010925292969,21.0916666,250.0,42.5
Termarr Johnson,87.66773223876953,2.877609968185425,134.2669067382812,20.1194444,45.0,50.0
Colt Keith,87.65653991699219,0.5845686793327332,130.4523773193359,22.9444444,50.0,50.0
Ben Rice,87.57835388183594,0.3919849395751953,130.7865447998047,25.4222222,250.0,37.5
Adrian Del Castillo,87.10948181152344,0.7574684023857117,126.0507431030273,24.825,250.0,37.5
Orelvis Martinez,87.02378845214844,0.4664513766765594,144.6063995361328,22.6805555,71.0,50.0
Felnin Celesten,86.5103530883789,0.5227426290512085,142.5477752685547,18.8583333,91.0,50.0
Cole Young,86.1004638671875,2.49323034286499,131.0109252929688,21.0027777,64.0,50.0
Luke Keaschall,86.010498046875,0.4446007907390594,131.9319915771484,21.9416666,250.0,47.5
Jeferson Quero,85.6317367553711,2.706377744674683,120.671630859375,21.7944444,41.0,50.0
Cooper Ingle,85.38264465332031,3.269549131393433,121.1285400390625,22.4194444,250.0,40.0
Colson Montgomery,84.98616790771484,17.95926475524902,119.73583984375,22.4083333,14.0,55.0
Jasson Dominguez,84.29124450683594,0.5501647591590881,144.3229522705078,21.4638888,58.0,50.0
Dillon Dingler,84.26516723632812,0.46258145570755,139.21630859375,25.8527777,250.0,42.5
Aidan Miller,83.69234466552734,0.5505916476249695,138.8227081298828,20.125,90.0,50.0
Thayron Liranzo,83.12691497802734,0.6431940197944641,135.9353637695312,21.0527777,81.0,50.0
Dylan Crews,82.88424682617188,17.98063468933105,129.9795989990234,22.4111111,10.0,60.0
Noelvi Marte,82.15690612792969,0.4100799560546875,124.3035278320312,22.7722222,57.0,50.0
Jhonkensy Noel,82.13459014892578,0.521210789680481,133.0844268798828,23.025,250.0,37.5
Ethan Salas,81.99945068359375,17.97683715820312,128.2718658447266,18.1472222,11.0,60.0
Brayan Rocchio,81.98836517333984,3.458993196487427,124.0689468383789,23.5305555,63.0,50.0
Kyle Teel,81.87490844726562,0.3847307562828064,136.9190521240234,22.4416666,85.0,50.0
Angel Genao,81.62316131591797,0.7449459433555603,136.9678192138672,20.1805555,250.0,47.5
Leodalis De Vries,81.30797576904297,2.678888559341431,134.7433929443359,17.7861111,46.0,50.0
Kevin Alcantara,80.98344421386719,14.96558570861816,131.6266632080078,22.0333333,36.0,50.0
Nick Loftin,80.90103149414062,0.516726016998291,128.0849609375,25.8305555,250.0,42.5
Adrian Pinto,80.71736145019531,0.8751093149185181,127.6995162963867,21.8388888,250.0,37.5
Will Wagner,80.65387725830078,3.268261432647705,119.7176513671875,25.9861111,250.0,37.5
Parker Meadows,80.59374237060547,0.3306110799312592,130.5872192382812,24.7277777,250.0,45.0
Addison Barger,80.39677429199219,0.2814632952213287,133.9513854980469,24.7,250.0,45.0
Drew Millas,80.27635192871094,0.532231867313385,131.1595764160156,26.525,250.0,45.0
Moises Ballesteros,80.1474609375,0.4277887046337128,133.4722900390625,20.7111111,77.0,50.0
Max Clark,78.69645690917969,2.648816823959351,125.8183975219727,19.5916666,44.0,50.0
Austin Martin,78.62220764160156,2.930563449859619,119.1001968383789,25.3361111,250.0,45.0
Jordan Lawlar,78.44444274902344,17.94245719909668,133.09912109375,22.0194444,7.0,60.0
Alan Roden,77.9659194946289,1.125329971313477,126.4726333618164,24.5888888,250.0,40.0
Spencer Horwitz,77.82283782958984,0.3489727079868317,122.7918014526367,26.6944444,250.0,40.0
Matthew Lugo,77.4754409790039,0.6790034174919128,126.9900512695312,23.2083333,250.0,37.5
Ryan Ignoffo,77.32430267333984,3.391085147857666,124.7560806274414,24.0083333,250.0,37.5
Tre' Morgan,77.079345703125,3.496682405471802,124.8129653930664,22.0222222,250.0,40.0
Jimmy  Crooks,76.82794952392578,0.3375856578350067,129.0911712646484,23.0138888,250.0,42.5
Joey Loperfido,76.76199340820312,0.4389509856700897,128.7735443115234,25.2027777,250.0,45.0
Colton Cowser,76.15260314941406,0.9720781445503235,129.6981201171875,24.3444444,250.0,47.5
Jordan Beck,75.8918228149414,0.2243726700544357,129.864501953125,23.2638888,250.0,42.5
Yoeilin Cespedes,75.7939682006836,0.3820873200893402,131.2982635498047,18.8777777,250.0,45.0
Pedro Pages,75.76758575439453,0.2046706676483154,126.9222412109375,25.8527777,250.0,40.0
Hunter Feduccia,75.72238159179688,0.2827604711055756,116.6462173461914,27.1361111,250.0,40.0
Pete Crow-Armstrong,75.59650421142578,17.96187400817871,117.8158798217773,22.3305555,20.0,55.0
Colt Emerson,75.45957946777344,0.5185826420783997,127.4378662109375,19.0111111,66.0,50.0
Jacob Melton,75.28135681152344,0.3999477922916412,124.3418960571289,23.8805555,78.0,50.0
Ceddanne Rafaela,75.04056549072266,0.4836285710334778,128.1431427001953,23.85,54.0,50.0
Agustin Ramirez,75.02676391601562,0.968000054359436,130.8715057373047,22.8722222,250.0,42.5
Chase Meidroth,74.93472290039062,4.656429290771484,115.9830474853516,23.0027777,250.0,40.0
Evan Carter,74.8426513671875,17.9522533416748,123.7472457885742,21.9027777,13.0,55.0
Sebastian Walcott,74.82353210449219,0.7643162608146667,136.2880096435547,18.3611111,96.0,50.0
Harry Ford,74.69905853271484,0.8840131759643555,124.4314193725586,21.425,53.0,50.0
Jhostynxon Garcia,74.535888671875,0.7634976506233215,131.2986145019531,21.6194444,250.0,40.0
Brady House,74.4316177368164,1.566001176834106,122.8509063720703,21.1388888,88.0,50.0
Kevin McGonigle,74.30805969238281,3.307568788528442,125.9314193725586,19.9333333,250.0,45.0
Johnathan Rodriguez,74.21544647216797,0.5258139967918396,132.7943878173828,24.7222222,250.0,37.5
Davis Wendzel,74.1929931640625,0.4594990909099579,118.3279800415039,27.1694444,250.0,37.5
Juan Brito,74.0191421508789,3.43066143989563,121.9537734985352,22.8333333,250.0,45.0
Bryan Ramos,73.92804718017578,0.5013291835784912,122.5624160766602,22.3666666,55.0,50.0
Emil Morales,73.91503143310547,0.4345703125,134.7012329101562,17.8388888,250.0,47.5
Cole Carrigg,73.78907775878906,0.6063517928123474,125.1833114624023,22.2111111,250.0,40.0
Adael Amador,73.63273620605469,0.543470561504364,123.5168991088867,21.2861111,112.0,50.0
Starlyn Caba,73.35884857177734,0.7208184599876404,116.9497451782227,18.6333333,104.0,50.0
Gino Groover,73.15363311767578,2.982980489730835,127.8526992797852,22.2722222,250.0,45.0
Cooper Kinney,73.05287170410156,0.4198133647441864,136.5856018066406,21.4916666,250.0,45.0
John Rave,73.03750610351562,3.11524772644043,122.8579864501953,26.5666666,250.0,37.5
Carson McCusker,73.02639770507812,0.8762676119804382,131.2792816162109,26.1722222,250.0,37.5
Chandler Simpson,73.0145034790039,3.027973890304565,115.7326889038086,23.6833333,250.0,42.5
Joendry Vargas,73.01133728027344,0.4385491013526917,142.5296020507812,18.7111111,97.0,50.0
Drake Baldwin,72.96292877197266,2.194624662399292,122.0398483276367,23.3222222,250.0,45.0
Arjun Nimmala,72.95242309570312,0.6518673300743103,140.1358489990234,18.7722222,250.0,47.5
Zach Dezenzo,72.79719543457031,0.4448176026344299,134.9955749511719,24.2027777,250.0,42.5
Tirso Ornelas,72.7423324584961,1.02462100982666,127.2772216796875,24.3694444,250.0,40.0
Robert Calaz,72.73624420166016,0.4314121305942535,132.6349639892578,18.6722222,250.0,42.5
Angel Martinez,72.66090393066406,0.487818717956543,124.8530426025391,22.5055555,250.0,45.0
Eguy Rosario,72.59129333496094,0.4935245215892792,128.6812744140625,24.1,250.0,40.0
Lazaro Montes,72.52342987060547,0.7524735331535339,134.0835723876953,19.7555555,250.0,45.0
Alex Freeland,72.5119400024414,3.548788547515869,116.1283187866211,22.9166666,250.0,37.5
Dominic Keegan,72.44365692138672,0.2400228232145309,125.6582794189453,23.9805555,250.0,45.0
Jesus Made,72.33573913574219,3.461055040359497,118.4964141845703,17.2111111,250.0,37.5
Michael Arroyo,72.22545623779297,3.139342069625854,121.0227279663086,19.725,250.0,40.0
Logan Driscoll,72.208740234375,0.6447689533233643,119.3629302978516,26.725,250.0,37.5
Kyle Karros,71.74073028564453,0.7359664440155029,125.5027084350586,21.9944444,250.0,40.0
Brayden Taylor,71.73590850830078,0.4121306836605072,131.8707733154297,22.1722222,250.0,47.5
Nacho Alvarez Jr.,71.64616394042969,0.3890476822853088,123.7320938110352,21.2861111,250.0,45.0
Jeremy Rodriguez,71.60908508300781,0.6738389134407043,123.8822555541992,18.0555555,105.0,50.0
Leo Jimenez,71.42523956298828,0.5264729857444763,121.24658203125,23.1861111,250.0,45.0
Yanquiel Fernandez,71.40180206298828,0.5043278336524963,127.0186920166016,21.5638888,250.0,47.5
Drew Gilbert,71.13040924072266,0.3350739479064941,112.9117431640625,23.825,56.0,50.0
Spencer Packard,71.07948303222656,0.5718302726745605,117.0380020141602,26.7833333,250.0,37.5
Will Simpson,70.86962890625,0.9392528533935547,126.9140625,22.9055555,250.0,37.5
Nick Yorke,70.35000610351562,0.8994469046592712,124.4965972900391,22.3111111,250.0,45.0
Rafael Flores,70.31692504882812,0.4952279627323151,127.3549118041992,23.7138888,250.0,37.5
Masyn Winn,70.10586547851562,17.94842529296875,111.5298690795898,22.3416666,23.0,55.0
Jorge Barrosa,69.99945831298828,0.2879944443702698,116.4375381469727,23.4361111,250.0,45.0
Franklin Arias,69.97985076904297,0.7491457462310791,120.8469161987305,18.6805555,250.0,37.5
Eduardo Tait,69.43589782714844,0.4904313087463379,131.8118896484375,17.9083333,250.0,45.0
Mike Boeve,68.86446380615234,0.8468087315559387,119.5517120361328,22.2194444,250.0,37.5
Tyler Locklear,68.77468872070312,0.3650605082511902,128.7467346191406,23.6666666,250.0,40.0
Mikey Romero,68.70169830322266,0.4470798969268799,123.0807495117188,20.5333333,250.0,45.0
Brennen Davis,68.67821502685547,0.3769852519035339,125.0400390625,24.7277777,250.0,40.0
Welbyn Francisca,68.50592803955078,0.5185050368309021,125.205924987793,18.1861111,250.0,45.0
Jack Brannigan,68.26045989990234,0.1874754279851913,126.6248092651367,23.3694444,250.0,45.0
Brett Harris,68.146484375,0.2862305343151093,116.1894683837891,26.0833333,250.0,40.0
Roderick Arias,68.109130859375,1.100577592849731,124.1012954711914,19.875,76.0,50.0
Nolan Schanuel,67.57630157470703,3.38671612739563,117.2603759765625,22.4444444,250.0,45.0
Reed Trimble,67.51734924316406,0.6220887303352356,113.1801300048828,24.1333333,250.0,37.5
Pedro Leon,67.31739044189453,0.9787365794181824,125.0258560180664,26.1555555,250.0,37.5
Enrique Bradfield Jr.,67.2781982421875,0.422241598367691,117.1531295776367,22.6444444,250.0,47.5
Edwin Arroyo,67.11437225341797,3.164140462875366,127.7850723266602,20.9138888,250.0,45.0
Josh Kasevich,67.04081726074219,5.155522346496582,120.6288604736328,23.5194444,250.0,45.0
James Triantos,66.5628662109375,3.451913118362427,122.2898559570312,21.4861111,250.0,45.0
Liam Hicks,66.53739929199219,3.333293914794922,113.5009384155273,25.1444444,250.0,37.5
Carter Jensen,66.4762954711914,1.165051102638245,131.9111785888672,21.0583333,250.0,45.0
Luis Pena,66.36125946044922,3.432104110717773,119.918212890625,17.6972222,250.0,40.0
Kyle McCann,66.24452209472656,0.4142025411128998,120.0832672119141,26.6444444,250.0,37.5
Miguel Bleis,66.20005798339844,0.5070731043815613,118.0898818969727,20.3972222,80.0,50.0
Cesar Prieto,65.88050842285156,4.277229309082031,118.0421524047852,25.2055555,250.0,40.0
Nelson Rada,65.50750732421875,0.6324557662010193,115.5824203491211,18.9138888,103.0,50.0
Gage Workman,65.48110961914062,0.9544278979301453,118.1672897338867,24.75,250.0,37.5
Jansel Luis,65.24076843261719,0.5241795778274536,121.0007934570312,19.3833333,250.0,47.5
Joe Mack,65.20523071289062,0.6332085132598877,130.8995819091797,21.575,250.0,42.5
Oliver Dunn,65.1097183227539,0.1880833506584167,120.8520736694336,26.8944444,250.0,40.0
Jacob Amaya,65.07379913330078,0.2089409381151199,107.8050537109375,25.8916666,250.0,40.0
Nathan Martorella,64.70317077636719,0.859790027141571,116.9501266479492,23.4333333,250.0,45.0
Luke Waddell,64.65625762939453,3.079582214355469,108.6848907470703,26.0305555,250.0,37.5
Jaison Chourio,64.64073181152344,0.608374834060669,128.1417694091797,19.1805555,250.0,47.5
Ben Williamson,64.52041625976562,0.8931983113288879,116.2120971679688,23.7194444,250.0,37.5
Jhonny Severino,64.48149108886719,0.4398998320102692,127.7107086181641,19.7111111,250.0,40.0
Nate Furman,64.41559600830078,0.7849476337432861,107.3685836791992,23.0027777,250.0,37.5
Hao-Yu Lee,64.3304214477539,0.4380484223365784,121.5229721069336,21.475,250.0,40.0
Brice Matthews,64.29579162597656,0.2450877726078033,122.8023452758789,22.3555555,250.0,45.0
Michael Siani,64.2877426147461,0.2366632670164108,107.7175674438477,25.0222222,250.0,40.0
Jakob Marsee,63.91202545166016,3.15174674987793,104.7316284179688,23.0722222,250.0,40.0
Connor Norby,63.76558303833008,0.2809220254421234,117.9439010620117,24.1277777,250.0,40.0
Cody Freeman,63.67263031005859,0.431749165058136,109.0696182250977,23.5527777,250.0,40.0
Jefferson Rojas,63.56090545654297,0.6382943987846375,117.0692138671875,19.2472222,89.0,50.0
Sterlin Thompson,63.55771255493164,0.4285225868225098,118.0118942260742,23.0777777,250.0,45.0
Javier Vaz,63.46515655517578,3.228483915328979,115.7509765625,23.8388888,250.0,42.5
Jacob Hurtubise,63.45670700073242,0.2671998143196106,102.9383163452148,26.6194444,250.0,37.5
Rubel Cespedes,63.17720031738281,0.303159087896347,119.6432647705078,23.9027777,250.0,42.5
Jorbit Vivas,63.07631683349609,0.267340213060379,112.3237533569336,23.375,250.0,45.0
Jordan Sanchez,63.04823684692383,0.4988389909267426,125.5313491821289,18.7916666,250.0,40.0
Jonny Farmelo,63.02250671386719,0.3067135512828827,125.6705551147461,19.875,95.0,50.0
Heriberto Hernandez,62.99441146850586,0.5060689449310303,124.0287017822266,24.6055555,250.0,40.0
Sabin Ceballos,62.76876449584961,0.3223032653331757,119.0283203125,21.9361111,250.0,40.0
David Hamilton,62.64694213867188,0.2734096944332123,106.4678497314453,26.8194444,250.0,45.0
Trei Cruz,62.62937927246094,0.3941161632537842,112.1893463134766,26.0527777,250.0,37.5
Wade Meckler,62.60691452026367,0.5418449640274048,112.7010116577148,24.2583333,250.0,40.0
Hector Rodriguez,62.53655242919922,3.481739521026611,108.7314071655273,20.3694444,250.0,37.5
Luisangel Acuna,62.51250839233398,3.194903135299683,107.5630264282227,22.3666666,250.0,45.0
Jadher Areinamo,62.45940780639648,3.630903720855713,117.2644805908203,20.6555555,250.0,40.0
Frederick Bencosme,62.41044235229492,0.5323226451873779,106.0691528320312,21.5805555,250.0,42.5
Caleb Roberts,62.17847061157227,0.571444571018219,121.2124176025391,24.4583333,250.0,37.5
Victor Scott II,62.07950973510742,0.3112583458423615,112.5930709838867,23.45,87.0,50.0
Javier Sanoja,62.01587677001953,4.366553783416748,114.642822265625,21.8916666,250.0,42.5
Jacob Gonzalez,61.45377731323242,4.073628902435303,112.1596603393555,22.15,250.0,45.0
Dominic Fletcher,61.26276397705078,0.1563193649053574,103.8253936767578,26.8944444,250.0,40.0
Jared Serna,61.2260627746582,3.226494550704956,105.0896759033203,22.1472222,250.0,42.5
Drew Romo,61.20152282714844,0.5311759114265442,114.1308822631836,22.9027777,250.0,40.0
Carlos D. Rodriguez,61.19972610473633,3.281391620635986,107.2886505126953,23.6305555,250.0,37.5
Jesus Baez,61.04104995727539,0.5172089338302612,120.4063720703125,19.4111111,250.0,45.0
Ralphy Velazquez,60.86996078491211,0.3467139899730682,121.9148178100586,19.1555555,250.0,45.0
Aroon Escobar,60.86571502685547,3.297156572341919,118.67431640625,19.5638888,250.0,40.0
Diego Cartaya,60.33583831787109,0.4571717381477356,112.1551055908203,22.8805555,111.0,50.0
Austin Shenton,60.22924041748047,0.7498125433921814,118.3898315429688,26.5055555,250.0,37.5
Christian Franklin,60.19097518920898,0.4291597306728363,112.9615631103516,24.65,250.0,37.5
Colton Ledbetter,60.12685012817383,0.4579575955867767,118.0611724853516,22.6916666,250.0,40.0
Tyler Black,60.0496826171875,0.2468877881765366,111.8392105102539,23.9944444,250.0,42.5
Ryan Bliss,59.94525146484375,0.3590951859951019,114.8241195678711,24.6138888,250.0,40.0
Thomas Saggese,59.8131217956543,2.864870071411133,117.5153198242188,22.2861111,250.0,42.5
Leonardo Bernal,59.77297592163086,0.3621044456958771,120.8888549804688,20.4472222,250.0,45.0
Alexander Albertus,59.66874694824219,0.687316358089447,106.7740097045898,19.7416666,250.0,40.0
Jett Williams,59.34345626831055,0.3872134387493134,115.6912460327148,20.725,59.0,50.0
Tommy Troy,59.33469772338867,0.2426394522190094,110.3285675048828,22.5194444,79.0,50.0
Ricardo Olivar,59.02431488037109,0.2675898969173431,117.299560546875,22.9555555,250.0,40.0
Yohandy Morales,59.01845550537109,0.3778350055217743,117.4740142822266,22.7916666,250.0,40.0
Dylan Beavers,58.96547698974609,0.353910893201828,117.3065567016602,22.9527777,250.0,45.0
Dameury  Pena,58.883544921875,3.303211212158203,118.6845855712891,18.8972222,250.0,45.0
Ronny Simon,58.79021453857422,0.8163744211196899,106.5497055053711,24.2694444,250.0,40.0
Alfredo Duno,58.7306022644043,0.5062772631645203,127.0142135620117,18.5472222,250.0,47.5
Eduardo Beltre,58.67845916748047,0.5257003903388977,118.3116607666016,17.7888888,250.0,37.5
Tyler Fitzgerald,58.57893753051758,0.4129905700683594,116.5924606323242,26.8583333,250.0,37.5
Sammy Siani,58.4937858581543,0.6916598081588745,109.228515625,23.6111111,250.0,37.5
Blake Mitchell,58.42952346801758,0.505164623260498,125.2336959838867,19.975,250.0,47.5
Justyn-Henry Malloy,58.24634552001953,0.1612874120473862,119.9388961791992,24.4305555,250.0,42.5
Blaze Alexander,58.16027069091797,0.5122647881507874,115.4657211303711,25.1194444,250.0,40.0
Jose Tena,58.11894989013672,0.4326699376106262,115.3324966430664,23.3444444,250.0,42.5
Eric Bitonti,57.59467697143555,0.488631010055542,124.2796859741211,18.6861111,250.0,40.0
Brett Bateman,57.10093688964844,0.585366427898407,104.2178497314453,22.3472222,250.0,37.5
Gavin Cross,56.86317825317383,0.2048083990812302,120.0797271728516,23.4472222,250.0,42.5
Braylin  Morel,56.81919479370117,0.4592323005199432,122.0511856079102,18.5138888,250.0,37.5
Tai Peete,56.77944564819336,0.5805397033691406,122.8138427734375,18.9527777,250.0,47.5
Yohendrick Pinango,56.68894958496094,0.6855356097221375,102.788932800293,22.2138888,250.0,37.5
Abimelec  Ortiz,56.63187408447266,0.2840898036956787,111.0127944946289,22.4222222,250.0,37.5
Yordany De Los Santos,56.59954071044922,0.3020240068435669,118.9950485229492,19.4361111,250.0,45.0
Creed Willems,56.53323745727539,0.6090642809867859,115.1988067626953,21.1388888,250.0,40.0
Darren Baker,56.49140930175781,0.2967394888401031,109.7890014648438,25.4527777,250.0,40.0
Enderson Delgado,56.46693420410156,0.8037300109863281,111.6189727783203,19.8416666,250.0,40.0
Graham Pauley,56.0931396484375,0.2373183071613312,113.2453384399414,23.8333333,250.0,40.0
Austin  Gauthier,56.04195022583008,1.201714873313904,103.6554794311523,25.2138888,250.0,37.5
Trey Lipscomb,55.98237228393555,0.3267436027526855,105.155143737793,24.1111111,250.0,37.5
Daniel Susac,55.97165298461914,0.3896993696689606,110.6930770874023,23.1944444,250.0,40.0
Keiner Delgado,55.93763732910156,0.4148261547088623,107.5682983398438,20.5527777,250.0,45.0
Eduardo Quintero,55.83756637573242,0.344854474067688,109.2424240112305,18.8555555,250.0,45.0
Max Muncy,55.80575942993164,0.413285493850708,120.0601577758789,21.9138888,250.0,42.5
Luis Lara,55.71141815185547,0.6096567511558533,109.1044921875,19.6861111,250.0,45.0
Darell Hernaiz,55.64923858642578,0.3450291454792023,119.4121246337891,22.975,250.0,42.5
Daylen Lile,55.49186706542969,0.9172646403312683,111.9558944702148,21.65,250.0,42.5
Pablo Aliendo,55.46416473388672,0.3837178647518158,112.4499053955078,23.1527777,250.0,40.0
Alex Mooney,55.36630249023438,0.4173469245433807,104.4267578125,22.05,250.0,40.0
Christian Knapczyk,54.90699768066406,0.7325315475463867,105.7713394165039,22.6055555,250.0,37.5
Brock Wilken,54.818359375,0.3881264626979828,117.5553817749023,22.1027777,250.0,47.5
Luis Vazquez,54.72385787963867,0.3865910470485687,108.7151107788086,24.7888888,250.0,37.5
Matt Mervis,54.71846008300781,0.7326223850250244,108.3135757446289,26.2722222,250.0,37.5
Justin Crawford,54.70639419555664,0.3946214020252228,119.0330810546875,20.5305555,250.0,42.5
Braxton Fulford,54.68656921386719,0.7505607008934021,106.9568023681641,25.625,250.0,37.5
Cooper Pratt,54.67287445068359,0.3101416528224945,117.2028579711914,19.9333333,250.0,42.5
Alexander Canario,54.62194061279297,0.4793871939182281,114.0687026977539,24.2138888,250.0,40.0
Sal Stewart,54.61646270751953,0.6422936320304871,113.8064804077148,20.6305555,250.0,37.5
Yeremi Cabrera,54.60463714599609,0.4874236285686493,122.6957778930664,19.0611111,250.0,42.5
Robert Arias,54.56510543823242,3.291965484619141,106.8671188354492,17.8638888,250.0,45.0
Eriandys Ramon,54.53609848022461,0.4761711657047272,107.4330444335938,21.5472222,250.0,37.5
Eric Brown Jr.,54.44107437133789,0.2559322416782379,103.0470123291016,23.5972222,250.0,45.0
Diego Velasquez,54.37686538696289,0.5426625609397888,112.1421508789062,20.8138888,250.0,37.5
Jhonny Level,54.22226333618164,0.4424045085906982,121.6240768432617,17.3194444,250.0,40.0
Roc Riggio,54.20252227783203,0.3998172283172607,108.853515625,22.1194444,250.0,40.0
Andrew Pintar,54.01510620117188,0.2431099712848663,102.9022750854492,23.3361111,250.0,40.0
 Tsung-Che Cheng,53.93744659423828,0.442524641752243,98.7193832397461,23.05,250.0,37.5
Carlos Narvaez,53.91656494140625,0.4285699427127838,109.1480331420898,25.6611111,250.0,37.5
Noah Miller,53.78144454956055,3.516893863677979,102.2752914428711,21.7,250.0,40.0
Max Anderson,53.73311233520508,3.516832113265991,104.8529663085938,22.4,250.0,40.0
Gregory Barrios,53.72564315795898,3.447376728057861,104.7860336303711,20.2944444,250.0,40.0
Chase Davis,53.68483734130859,0.2186075747013092,114.1425323486328,22.6361111,250.0,42.5
Carson Rucker,53.67175674438477,0.5933207273483276,123.1402740478516,19.9333333,250.0,37.5
Matthew Wood,53.66011047363281,2.975425481796265,104.9285659790039,23.3944444,250.0,40.0
William Bergolla,53.63398361206055,3.427824020385742,113.6178741455078,19.7888888,250.0,40.0
George Lombard Jr.,53.59247970581055,0.3115114569664001,114.9260177612305,19.1444444,250.0,47.5
Aidan Smith,53.47763442993164,0.3369676172733307,110.4795303344727,20.0027777,250.0,40.0
Alberto Barriga,53.34745788574219,0.3455069661140442,110.3959274291992,19.6916666,250.0,42.5
Ryan Clifford,53.25209808349609,1.126230478286743,117.9876708984375,21.0111111,250.0,42.5
Jose Perdomo,52.95538330078125,0.4022065103054047,115.7083969116211,17.8444444,250.0,45.0
Dylan O'Rae,52.74939727783203,3.420310258865356,98.9878158569336,20.4444444,250.0,40.0
Gabriel Rincones Jr.,52.69913101196289,0.1941647976636887,115.7457046508789,23.3916666,250.0,37.5
Mat Nelson,52.64059829711914,0.3663023114204407,102.142822265625,25.5277777,250.0,37.5
Rayne Doncon,52.60320281982422,0.3118370175361633,115.6511611938477,20.8388888,250.0,42.5
Luis Baez,52.549072265625,0.3583005368709564,116.3784942626953,20.5361111,250.0,42.5
Blake Dunn,52.44631576538086,0.1560546606779099,104.1826400756836,25.8861111,250.0,40.0
Dillon Head,52.39759826660156,0.3556434214115143,113.7189254760742,19.7861111,250.0,47.5
Cristofer Torin,52.39459228515625,0.4877236783504486,109.4437255859375,19.1611111,250.0,42.5
Kemp Alderman,52.13738250732422,0.4370977878570557,109.4033737182617,21.9277777,250.0,40.0
Angel Guzman,52.00522232055664,0.4650729298591614,116.12841796875,18.6916666,250.0,37.5
Miguel Rodriguez,51.83867645263672,3.613373279571533,108.7130355834961,18.5694444,250.0,37.5
Yasser Mercedes,51.83428192138672,0.6144664883613586,115.588134765625,19.6888888,250.0,40.0
Roynier Hernandez,51.80923843383789,0.7254247069358826,105.4231185913086,19.6333333,250.0,40.0
Everson Pereira,51.77924728393555,0.4461364448070526,103.1993026733398,23.2888888,250.0,40.0
Leandro Arias,51.53915786743164,0.3877639472484589,98.0776138305664,19.4694444,250.0,40.0
Cam Devanney,51.45733261108398,0.9310647249221802,113.1394577026367,27.2805555,250.0,37.5
Victor Hurtado,51.38776397705078,0.4039893746376038,114.6676559448242,17.1666666,250.0,45.0
Antonio Gomez,51.35028839111328,0.4043861031532288,99.0531005859375,22.6972222,250.0,40.0
Angel Feliz,51.22225570678711,0.6055178642272949,115.4198608398438,17.6888888,250.0,37.5
Trey Sweeney,51.00130844116211,0.1959004700183868,114.8753433227539,24.25,250.0,40.0
Adriel Radney,50.98101425170898,0.4571003913879395,117.7156753540039,17.0861111,250.0,47.5
Brailer Guerrero,50.94173812866211,0.2990543842315674,124.9769515991211,18.0805555,250.0,45.0
Juan Baez,50.82722473144531,3.599382877349854,112.3431777954102,19.075,250.0,40.0
Bryant Betancourt,50.76955795288086,0.8278283476829529,105.3661727905273,20.7833333,250.0,37.5
Tavian Josenberger,50.73651885986328,0.438075453042984,104.1242446899414,22.7527777,250.0,40.0
Ricardo Cabrera,50.51473999023438,0.3665440678596497,104.2067184448242,19.7333333,250.0,40.0
Robert Moore,50.50301742553711,0.3231824338436127,97.97779846191406,22.3166666,250.0,40.0
Jud Fabian,50.34237289428711,0.9236204028129578,100.8869400024414,23.825,250.0,45.0
Tyler Gentry,50.30833435058594,0.1574027687311172,104.9078369140625,25.4805555,250.0,40.0
Boston Baro,50.03407669067383,0.3127026259899139,112.6501998901367,19.9194444,250.0,42.5
Daiverson Gutierrez,49.94577026367188,2.990897417068481,116.7588882446289,18.8694444,250.0,40.0
Dylan Campbell,49.87985229492188,0.7424706816673279,103.0405883789062,22.0611111,250.0,37.5
Allan Castro,49.81285095214844,0.4965313971042633,109.1866607666016,21.1666666,250.0,42.5
Luke Adams,49.75481796264648,0.3051044642925262,117.5554733276367,20.25,250.0,42.5
Benny Montgomery,49.72426223754883,0.6610777974128723,107.7644195556641,21.875,250.0,40.0
Greg Jones,49.42370986938477,0.505562961101532,103.5669174194336,26.3805555,250.0,37.5
Yunior Severino,49.40953826904297,2.959322214126587,102.7674942016602,24.8083333,250.0,37.5
Kameron Misner,49.39694595336914,0.5145235061645508,112.4336318969727,26.5444444,250.0,40.0
Victor Mesa Jr.,49.23716735839844,0.4239366948604584,100.9401931762695,22.8777777,250.0,40.0
Carlos Caro,49.22440338134766,0.782722532749176,106.9774703979492,19.7222222,250.0,37.5
Dario Laverde,48.99526214599609,0.3147923648357391,115.5591659545898,19.4111111,250.0,40.0
Onil Perez,48.97713851928711,1.06743586063385,98.46150970458984,21.8722222,250.0,37.5
Ivan Melendez,48.94602584838867,0.6916861534118652,108.5430908203125,24.5,250.0,37.5
Brandon Valenzuela,48.77700042724609,0.2190774232149124,110.4394912719727,23.8111111,250.0,42.5
Juan Corniel,48.62959671020508,0.7974353432655334,94.20285034179688,21.8111111,250.0,37.5
Yassel Soler,48.53434371948242,0.6146339178085327,109.8283843994141,18.4944444,250.0,37.5
Wilyer Abreu,48.4570198059082,0.1451446861028671,103.0317153930664,25.0833333,250.0,45.0
Jay Allen II,48.37123107910156,0.5967952013015747,98.1158218383789,21.6722222,250.0,37.5
Jorge Quintana,48.2708625793457,0.3430983126163483,106.1563034057617,17.3027777,250.0,42.5
Blaze Jordan,48.19064712524414,3.560250520706177,104.2049789428711,21.5972222,250.0,37.5
Jake Gelof,48.17882537841797,0.2502818405628204,98.84435272216797,22.4138888,250.0,40.0
Joe Redfield,48.1491584777832,0.3030489385128021,97.53582000732422,22.7666666,250.0,37.5
Sammy Stafura,48.13546752929688,0.3314676284790039,114.49169921875,19.6916666,250.0,42.5
Mitch Jebb,48.08864593505859,0.4949853122234344,100.3415298461914,22.1972222,250.0,37.5
Justin Riemer,47.99496078491211,0.3901056349277496,99.1947021484375,22.4666666,250.0,40.0
Gabriel Gonzalez,47.77662658691406,2.525395393371582,106.1037750244141,20.5555555,250.0,42.5
Cam Collier,47.75205993652344,0.3121590316295624,118.2534561157227,19.6777777,250.0,40.0
Cameron Cauley,47.65309524536133,0.535180389881134,108.2674102783203,21.4666666,250.0,45.0
Jair Camargo,47.60855484008789,0.4226725995540619,108.4495010375977,25.0638888,250.0,40.0
Paulino Santana,47.42840576171875,0.4079614281654358,107.11572265625,17.6861111,250.0,40.0
Tony Blanco Jr.,47.32343673706055,0.5787983536720276,123.2317276000977,19.1944444,250.0,42.5
Luis Cova,47.07255935668945,3.169671535491943,110.314208984375,17.4805555,250.0,42.5
Elijah Green,47.05118179321289,0.882426917552948,100.5451736450195,20.6388888,250.0,40.0
Ryan Lasko,46.98381423950195,1.048740744590759,100.9125595092773,22.0833333,250.0,40.0
Luiyin Alastre,46.97266006469727,3.620405673980713,105.2781753540039,18.825,250.0,37.5
Nikau Pouaka-Grego,46.90084457397461,0.3538411557674408,96.72464752197266,19.8638888,250.0,40.0
Yovanny Rodriguez,46.90018463134766,0.2787762582302094,103.5347900390625,17.7138888,250.0,42.5
BJ Murray Jr.,46.89650344848633,0.175018772482872,103.7806549072266,24.5527777,250.0,45.0
Joswa Lugo,46.72298049926758,0.4256831705570221,111.8890762329102,17.5,250.0,40.0
Cade Doughty,46.69429016113281,0.183979406952858,97.36629486083984,23.3277777,250.0,40.0
Daniel Vazquez,46.65132522583008,0.4994960725307465,97.80770111083984,20.3,250.0,40.0
Luis Suisbel,46.6296272277832,1.168725848197937,111.6009750366211,21.1694444,250.0,37.5
Denzel Clarke,46.58983612060547,0.4129280745983124,114.2548980712891,24.2305555,250.0,42.5
Grant McCray,46.54729461669922,0.3315417468547821,104.510612487793,23.6305555,250.0,42.5
Starlyn Nunez,46.48238754272461,0.4272786676883698,100.3025741577148,18.7888888,250.0,40.0
Juan Flores,46.46288299560547,0.4559268653392792,103.6180419921875,18.4472222,250.0,40.0
Cayden Wallace,46.36261749267578,0.2264831811189651,98.1827163696289,22.9638888,250.0,42.5
Marco Luciano,46.350830078125,0.4254177510738373,112.7819366455078,22.7916666,250.0,42.5
Tanner Schobel,46.30659484863281,0.2305426448583603,95.22135162353516,23.1388888,250.0,40.0
Wilfred Veras,46.30118179321289,0.6322816610336304,108.8758773803711,21.6916666,250.0,40.0
Ramon Ramirez,46.26009750366211,0.5119501948356628,113.5370712280273,19.1083333,250.0,40.0
Victor Bericoto,46.25897979736328,0.2974550426006317,101.6537628173828,22.6416666,250.0,37.5
Marvin Alcantara,46.10432052612305,0.4941441714763641,100.4448394775391,19.7277777,250.0,45.0
Edward Florentino,45.96336364746094,0.4437054097652435,116.6867828369141,17.7027777,250.0,40.0
Cutter Coffey,45.94705581665039,0.4517923891544342,101.8695602416992,20.175,250.0,40.0
A.J. Vukovich,45.94064331054688,0.7226089835166931,108.0535430908203,23.0111111,250.0,37.5
George Valera,45.817138671875,0.3485992550849915,105.97802734375,23.6972222,250.0,40.0
Yandel Ricardo,45.67112350463867,0.2989064157009125,99.56008911132812,17.8,250.0,42.5
Marco Vargas,45.62609100341797,0.3896979987621307,103.2330932617188,19.1944444,250.0,42.5
Jadiel Sanchez,45.61725616455078,0.4027269780635834,96.75636291503906,23.2055555,250.0,37.5
Josue Briceno,45.60845565795898,0.4169654548168182,113.7888717651367,19.8361111,250.0,42.5
Raudelis Martinez,45.45402908325195,1.063966751098633,100.3050079345703,22.15,250.0,37.5
Yophery Rodriguez,45.44178771972656,0.3079541623592377,108.2496337890625,18.6361111,250.0,42.5
Petey Halpin,45.38179397583008,0.3413047194480896,96.94437408447266,22.1611111,250.0,40.0
Everett Cooper III,45.37114334106445,0.7268677353858948,95.50350189208984,20.9833333,250.0,37.5
Edward Lantigua,45.27589797973633,0.4398532807826996,109.5085983276367,17.725,250.0,37.5
Dyan Jorge,45.13459396362305,0.5015301704406738,100.9504852294922,21.35,250.0,42.5
Adrian Santana,45.05120086669922,0.5130503177642822,98.20269012451172,19.0166666,250.0,40.0
Maick Collado,44.88497924804688,0.8748573660850525,102.5188369750977,21.5833333,250.0,37.5
Capri Ortiz,44.87569046020508,0.3159625232219696,103.7298583984375,19.3138888,250.0,40.0
Ronald Hernandez,44.73504638671875,0.5242399573326111,101.6755294799805,20.7527777,250.0,37.5
Zac Veen,44.72778701782227,0.1667225509881973,107.3334274291992,22.6166666,250.0,42.5
Abdias De La Cruz,44.68632125854492,0.3112778961658478,112.7063217163086,19.725,250.0,42.5
Robert Hassell III,44.43234252929688,0.2682383358478546,94.83654022216797,22.9416666,250.0,40.0
Damiano Palmegiani,44.35850143432617,0.3643642663955688,102.4657516479492,24.5,250.0,37.5
Alberto Hernandez,44.28885650634766,0.4754857122898102,109.249267578125,19.8777777,250.0,45.0
Kendall George,44.25397491455078,0.4339465200901031,98.53406524658203,19.7361111,250.0,40.0
Zach Levenson,44.12177276611328,0.2378848046064377,95.86812591552734,22.3833333,250.0,40.0
Alexander Vargas,43.96236419677734,0.701436460018158,91.81746673583984,22.7361111,250.0,37.5
Joe Lampe,43.92859649658203,0.2015116214752197,92.43505096435547,23.6361111,250.0,40.0
Eduardo Garcia,43.88010025024414,0.6324881911277771,97.22471618652344,22.0388888,250.0,37.5
Eddinson Paulino,43.70041275024414,0.3762041926383972,95.89405059814453,22.0611111,250.0,40.0
Carlos Pacheco,43.68611907958984,0.3626064360141754,108.2118911743164,19.7305555,250.0,42.5
Austin Charles,43.63808441162109,0.4755890369415283,112.5904312133789,20.6972222,250.0,42.5
Alex Ramirez,43.62127304077148,1.171205520629883,98.7861099243164,21.5305555,250.0,37.5
Dasan Brown,43.40340805053711,0.3731163442134857,100.8087310791016,22.8305555,250.0,40.0
Franklin Rojas,43.29712295532227,3.348814487457275,105.5166168212891,17.3444444,250.0,37.5
Jake Fox,43.24080657958984,0.4560932219028473,92.16683197021484,21.45,250.0,37.5
Nasim Nunez,43.22487258911133,0.3790343701839447,97.38715362548828,23.9333333,250.0,40.0
Christopher Suero,43.13919830322266,0.3660103976726532,99.9522476196289,20.4916666,250.0,40.0
Emaarion Boyd,43.03477478027344,0.4083058536052704,96.6082763671875,20.9222222,250.0,40.0
Jhonayker Ugarte,43.00550842285156,0.3383580148220062,108.5931167602539,17.3666666,250.0,40.0
Yohendry Sanchez,42.99117279052734,0.9469174742698669,109.9496612548828,17.7083333,250.0,37.5
Rayner Arias,42.96974182128906,0.3335708677768707,113.8897705078125,18.2361111,250.0,45.0
Omar Alfonzo,42.84206008911133,0.5796776413917542,107.1904525756836,20.975,250.0,37.5
Felix Morrobel,42.74960708618164,3.025411605834961,107.5191040039062,18.8333333,250.0,37.5
Ashly Andujar,42.65190887451172,3.13042140007019,102.7632369995117,16.9861111,250.0,42.5
Edgleen Perez,42.65158462524414,0.4059390723705292,109.446403503418,18.1638888,250.0,42.5
Wilfredo Lara,42.61032485961914,0.4311588406562805,98.3833236694336,20.2388888,250.0,37.5
Christian Cerda,42.54729461669922,0.5681654810905457,101.7316436767578,21.575,250.0,40.0
Yamal Encarnacion,42.48098373413086,0.5985917448997498,94.72684478759766,20.8777777,250.0,37.5
Zach Cole,42.45412445068359,0.3338321447372437,93.39846801757812,23.9722222,250.0,40.0
Will Banfield,42.43887710571289,0.4551824629306793,102.9247970581055,24.6833333,250.0,40.0
Nelly Taylor,42.40306854248047,0.422778993844986,93.45394134521484,21.5055555,250.0,40.0
Gabriel Terrero,42.26611709594727,0.5213376879692078,102.6916732788086,18.8277777,250.0,37.5
Haydn McGeary,42.24653244018555,0.7319737076759338,99.15093231201172,24.7916666,250.0,37.5
Kevin Kilpatrick Jr.,42.17179107666016,0.9294775128364563,93.36038208007812,23.6638888,250.0,40.0
Jancel Villarroel,42.11867904663086,0.4250726699829102,104.962890625,19.5194444,250.0,37.5
Danny Serretti,42.06426239013672,0.2274099141359329,97.45806121826172,24.2138888,250.0,40.0
Druw Jones,42.02082824707031,0.4953505992889404,101.5610580444336,20.6555555,250.0,42.5
Kenny Castillo,42.01345443725586,1.064943432807922,97.23039245605469,20.1972222,250.0,37.5
George Wolkow,41.97455978393555,0.6321472525596619,116.3194580078125,18.5361111,250.0,40.0
Gleider Figueroa,41.88032531738281,0.6027662754058838,106.5011596679688,20.075,250.0,40.0
Chase Jaworsky,41.87596893310547,0.3447386622428894,92.73756408691406,19.9833333,250.0,40.0
Adrian Sugastey,41.8652229309082,0.5767544507980347,98.03480529785156,21.7527777,250.0,37.5
Jose Ramos,41.85493469238281,0.2347796410322189,96.14839935302734,23.5638888,250.0,40.0
Angel Brachi,41.70604705810547,0.8772789835929871,95.30110931396484,17.5527777,250.0,40.0
Homer Bush Jr.,41.64937591552734,0.2583225071430206,103.0450973510742,22.7805555,250.0,37.5
Emilio Sanchez,41.55852127075195,0.4217959940433502,100.7808380126953,17.2805555,250.0,40.0
Fernando Cruz,41.51355361938477,0.3202455639839172,97.77354431152344,17.6972222,250.0,45.0
Peyton Graham,41.4669189453125,0.352350652217865,101.8322982788086,23.4944444,250.0,42.5
Jack Hurley,41.40382385253906,0.2458159476518631,96.59232330322266,22.3638888,250.0,40.0
Alfonsin Rosario,41.23474502563477,0.637572705745697,105.4048385620117,20.0916666,250.0,40.0
Yeiker Reyes,41.09723663330078,0.3297547399997711,105.5982818603516,18.7694444,250.0,45.0
Richard Ramirez,40.95354461669922,0.6430484056472778,109.3607330322266,19.0583333,250.0,40.0
Luis Guanipa,40.89250946044922,0.3961266577243805,100.5099182128906,18.6083333,250.0,45.0
Carlos Jorge,40.82187271118164,0.6241371035575867,93.63249969482422,20.8388888,250.0,40.0
Mac Horvath,40.76346206665039,0.2588382363319397,96.79232788085938,22.4888888,250.0,40.0
Derniche Valdez,40.72944641113281,1.043329954147339,101.7622604370117,18.3194444,250.0,37.5
Kenedy Corona,40.65254974365234,0.3162805736064911,98.09590911865234,24.3416666,250.0,40.0
Bryan Rincon,40.64787292480469,0.4156346023082733,97.02376556396484,20.4611111,250.0,45.0
Hudson Haskin,40.63466262817383,0.5729458928108215,94.96656799316406,25.5666666,250.0,37.5
Brock Vradenburg,40.60470199584961,0.283213347196579,91.92527770996094,22.3444444,250.0,37.5
Andruw  Musett,40.46987915039062,0.8389171957969666,98.29894256591797,18.675,250.0,37.5
Caleb Ketchup,40.4351692199707,0.5363351702690125,90.5200424194336,22.5555555,250.0,37.5
Pascanel Ferreras,40.39964294433594,0.207135945558548,92.76618194580078,22.6638888,250.0,40.0
J.J. D'Orazio,40.12248229980469,0.7215041518211365,97.12837982177734,22.5722222,250.0,37.5
Samuel Zavala,40.07012176513672,0.4934471547603607,96.3710708618164,20.025,250.0,40.0
Jacob Burke,39.99947738647461,0.2048777341842651,93.39876556396484,23.4111111,250.0,40.0
Brando Mayea,39.84032440185547,0.3922402560710907,103.6123046875,18.8666666,250.0,45.0
Jonatan Clase,39.81132888793945,0.3937269151210785,100.7491683959961,22.1694444,250.0,40.0
Samuel Munoz,39.75427627563477,0.4397332668304443,99.21575164794922,19.8388888,250.0,40.0
Adam Zebrowski,39.50190353393555,0.3645479381084442,95.66219329833984,23.8222222,250.0,37.5
Asbel Gonzalez,39.49433898925781,0.363988846540451,104.4057388305664,18.5611111,250.0,42.5
Lizandro Espinoza,39.44671249389648,0.3653983175754547,92.8207015991211,21.6777777,250.0,40.0
Silas Ardoin,39.4011344909668,0.5840393900871277,93.25362396240234,23.8472222,250.0,37.5
Kahlil Watson,39.39311599731445,0.5144826769828796,95.75316619873047,21.2722222,250.0,42.5
Devin Saltiban,39.33681869506836,0.3198851048946381,106.8756713867188,19.4444444,250.0,37.5
Sam Shaw,39.21063995361328,3.3341224193573,100.1244735717773,18.4138888,250.0,37.5
Jose Fernandez,39.176513671875,0.961608350276947,96.59288787841797,20.8388888,250.0,37.5
Enrique Jimenez,39.14471054077148,0.3747413158416748,102.1013259887695,18.725,250.0,37.5
Alex De Jesus,38.8768424987793,0.3824256658554077,96.87522888183594,22.3388888,250.0,37.5
Maui Ahuna,38.68894195556641,0.3818192183971405,95.97899627685547,22.3694444,250.0,40.0
Adolfo Sanchez,38.68346405029297,0.3649203777313232,98.4912109375,17.8472222,250.0,45.0
Daiber De Los Santos,38.65918731689453,0.3823280036449432,106.2895736694336,17.8,250.0,42.5
Armando Cruz,38.62892532348633,3.230989217758179,96.89764404296875,20.5222222,250.0,40.0
Esmil Valencia,38.41449737548828,0.470714658498764,97.92269134521484,18.7611111,250.0,40.0
Dayan Frias,38.26897811889648,0.3330777287483215,98.08489990234375,22.0805555,250.0,40.0
Kelvin Hidalgo,38.03308868408203,0.3552153408527374,99.64127349853516,19.3972222,250.0,42.5
Jeral Toledo,37.59797668457031,0.4802503287792206,90.70732879638672,21.5055555,250.0,40.0
Leonardo Pineda,37.57882308959961,0.4884838163852692,94.09856414794922,17.2583333,250.0,40.0
Brandon Winokur,37.36781311035156,0.7082098722457886,104.8477554321289,19.6055555,250.0,40.0
Diego Hernandez,37.18636703491211,0.4850689470767975,94.13939666748047,23.675,250.0,40.0
Ryan Burrowes,37.11663818359375,0.5718565583229065,93.0153579711914,19.9361111,250.0,42.5
Jacob Reimer,36.94743728637695,0.6134541630744934,104.0518417358398,20.4222222,250.0,40.0
Kala'i Rosario,36.91788864135742,0.5630311369895935,97.171875,22.0611111,250.0,40.0
Stiven Martinez,36.50223159790039,0.8402369618415833,106.0695724487305,16.9611111,250.0,37.5
Calvin Harris,36.44641876220703,0.2296318262815475,96.4361801147461,22.6916666,250.0,40.0
Cristhian Vaquero,36.41839599609375,0.4873060882091522,97.00300598144531,19.8638888,250.0,45.0
Filippo Di Turi,36.36678695678711,0.3712326288223267,100.4753952026367,18.7083333,250.0,40.0
Colin Barber,36.20940780639648,0.2895007729530334,90.90347290039062,23.6388888,250.0,37.5
Cesar Hernandez,36.16183090209961,0.6555070281028748,89.86901092529297,21.2555555,250.0,37.5
Javier Mogollon,36.10226821899414,0.5341349840164185,110.1013412475586,18.7305555,250.0,37.5
Edgar Montero,35.98743438720703,0.4066033065319061,102.8032608032227,17.675,250.0,40.0
Cade Hunter,35.67531967163086,0.3682629764080048,91.2854995727539,23.6527777,250.0,37.5
Hyungchan Um,35.59754180908203,0.4260452389717102,102.5750732421875,20.25,250.0,40.0
Andres Valor,35.27756881713867,0.3220974802970886,105.5329818725586,18.7111111,250.0,40.0
Derek Bernard,35.26206588745117,0.5541336536407471,103.0120468139648,18.9583333,250.0,40.0
Luis Rives,35.23742294311523,0.5277222990989685,96.5565414428711,19.7777777,250.0,40.0
Willy Vasquez,35.082275390625,0.4061558246612549,89.4592514038086,22.8833333,250.0,40.0
Won-Bin Cho,35.0548095703125,0.3589394986629486,100.6067504882812,20.9277777,250.0,42.5
Yiddi Cappe,34.69524383544922,0.3379982709884644,90.3398208618164,21.9361111,250.0,40.0
Jesus Galiz,34.68752288818359,0.8683514595031738,90.39774322509766,20.625,250.0,37.5
Mario Baez,34.60599517822266,0.5885493159294128,94.73646545410156,17.9138888,250.0,37.5
Jose Salas,34.27212524414062,0.6164693832397461,93.22429656982422,21.2444444,250.0,37.5
Adbiel Feliz,34.23937225341797,0.3722762763500214,95.6787338256836,17.4194444,250.0,40.0
David McCabe,34.17571640014648,0.4040443599224091,92.6207275390625,24.3305555,250.0,37.5
Alberto Rios,34.15652847290039,0.3418162763118744,92.94374084472656,22.3472222,250.0,37.5
Jose Devers,34.0396614074707,0.4946123659610748,91.14984893798828,21.1861111,250.0,37.5
Myles Naylor,33.93867111206055,0.3735485970973969,93.06703186035156,19.275,250.0,40.0
Max Wagner,33.84193420410156,0.2170325815677643,93.78373718261719,22.9305555,250.0,40.0
Aeverson Arteaga,33.78955078125,0.3373682200908661,87.43138885498047,21.3555555,250.0,40.0
Cole Foster,33.68795776367188,0.3866065442562103,92.90250396728516,22.7944444,250.0,37.5
A.J. Ewing,33.51343154907227,0.445092648267746,95.72688293457031,19.9555555,250.0,37.5
Denzer Guzman,33.4522590637207,0.3554130792617798,101.1210327148438,20.4611111,250.0,42.5
Wilderd Patino,33.34394836425781,0.4735015034675598,84.01433563232422,23.0166666,250.0,37.5
Antonio Anderson,32.97512054443359,0.4188262522220612,95.8579330444336,19.0722222,250.0,40.0
Jeremy De La Rosa,32.78188705444336,0.4534462988376617,90.7812271118164,22.5222222,250.0,37.5
Colin Houck,32.76592636108398,0.4072679579257965,90.87590789794922,19.8166666,250.0,40.0
Julio Carreras,32.75444412231445,0.3296320736408234,89.50556945800781,24.5333333,250.0,40.0
Kevin Made,32.37605285644531,0.4190293252468109,90.13450622558594,21.8722222,250.0,40.0
J.D. Gonzalez,32.27425765991211,0.5170592069625854,90.31361389160156,18.8083333,250.0,37.5
Victor Acosta,32.10643005371094,0.3438703119754791,92.7984619140625,20.1222222,250.0,40.0
Pedro Ibarguen,31.92704010009766,0.7542746067047119,86.41522979736328,18.0611111,250.0,37.5
Waner Luciano,31.85740852355957,0.3467201590538025,95.63411712646484,19.5305555,250.0,40.0
Mason Auer,31.8448486328125,0.7305317521095276,87.155029296875,23.3972222,250.0,37.5
Cristopfer Gonzalez,31.71624374389648,0.4519959092140198,97.38592529296875,19.0111111,250.0,37.5
Connor Burns,31.65655136108398,0.4243223667144775,87.97431945800781,22.6083333,250.0,37.5
Junior Garcia,31.65563201904297,0.3603832423686981,97.73771667480469,19.0305555,250.0,40.0
Francisco Vilorio,30.74236488342285,0.381276547908783,92.27398681640625,17.7333333,250.0,42.5
Josh Rivera,30.72863006591797,0.9782242774963379,89.48993682861328,21.7888888,250.0,37.5
Rafael Ramirez Jr.,30.62585639953613,0.5245272517204285,89.31426239013672,19.0055555,250.0,42.5
Brenner Cox,30.59770393371582,0.4744178950786591,90.40202331542969,20.2027777,250.0,37.5
Richard Matic,30.51126861572266,0.4794281423091888,95.31444549560547,16.9944444,250.0,40.0
Carlos Sanchez,30.41782569885254,0.5162065625190735,88.42261505126953,19.5333333,250.0,40.0
Janero Miller,30.25316619873047,0.5365888476371765,86.99320220947266,18.5388888,250.0,40.0
Ruben Santana,30.04014587402344,0.4315544068813324,90.01134490966797,19.4388888,250.0,40.0
Tucker Toman,29.9123592376709,0.7313574552536011,87.26686096191406,20.7,250.0,37.5
Walker Martin,29.87109756469727,0.3434291183948517,97.24220275878906,20.4277777,250.0,42.5
Enmanuel Bonilla,29.80426597595215,0.4551893770694733,95.3258285522461,18.5055555,250.0,42.5
Ariel Castro,29.41162109375,0.8525816798210144,88.26610565185547,18.4361111,250.0,37.5
Camilo Diaz,29.32408142089844,0.529124915599823,93.86592864990234,18.8861111,250.0,42.5
Yahil Melendez,29.01702117919922,0.4216702878475189,100.8152236938477,18.8861111,250.0,40.0
Oswaldo Osorio,28.94043922424316,0.3308731019496918,92.4880599975586,19.2833333,250.0,42.5
Nestor Miranda,28.91340255737305,0.7231687903404236,97.23432159423828,18.4194444,250.0,37.5
Byron Chourio,28.76359367370605,0.590563952922821,90.43685150146484,19.1777777,250.0,40.0
Dawel Joseph,28.1786060333252,0.3386826515197754,88.99929809570312,17.1916666,250.0,42.5
Estuar Suero,27.96682548522949,0.3725378513336182,92.08192443847656,18.9027777,250.0,42.5
Gian Zapata,26.88405609130859,0.6303066611289978,87.342529296875,18.8638888,250.0,40.0
Jalvin Arias,26.7233829498291,0.4946449398994446,98.69384765625,17.8138888,250.0,37.5
Jose Alpuria,26.36526870727539,0.9209039807319641,92.57670593261719,19.45,250.0,37.5
Lonnie White Jr.,26.3454761505127,0.6043252348899841,84.00017547607422,21.5666666,250.0,37.5
Naibel Mariano,25.68419647216797,0.3607793748378754,92.66340637207031,17.8833333,250.0,42.5
Jorgelys Mota,25.54026794433594,0.6954982876777649,85.77019500732422,19.1416666,250.0,37.5
Belfi Rivera,24.9881534576416,0.3899600207805634,84.69536590576172,17.6055555,250.0,40.0
Bralyn Brazoban,24.61811065673828,0.5154476165771484,89.64904022216797,17.8972222,250.0,37.5
Nazzan Zanetello,24.53556823730469,1.160676240921021,84.70735931396484,19.1638888,250.0,37.5
Eduardo Herrera,24.35150337219238,0.6422670483589172,89.86795043945312,17.7527777,250.0,37.5
Hendry Chivilli,23.81070899963379,0.6218068599700928,84.17345428466797,18.8611111,250.0,40.0
Aneudi Escanio,22.63659858703613,0.4987770617008209,82.939697265625,19.6583333,250.0,37.5
Jose Ramos,18.52090072631836,0.5460943579673767,78.79485321044922,17.8138888,250.0,40.0
