Name,Predicted_ERA,Lower_Bound,Upper_Bound,Age,Top_100,FV_future
River Ryan,4.596326351165771,0.7193675637245178,25.81636047363281,25.9361111,34.0,55.0
Spencer Schwellenbach,5.379012107849121,1.253507494926453,31.47953796386719,24.15,70.0,50.0
Mason Miller,5.47340726852417,0.4960072040557861,29.93991088867188,25.9166666,38.0,50.0
Christian Scott,5.588860988616943,0.8992204666137695,28.82027053833008,25.1083333,47.0,50.0
Yariel Rodriguez,5.922296047210693,1.553291201591492,51.49193954467773,27.3722222,250.0,45.0
Jordan Wicks,6.38361120223999,0.8437382578849792,37.32952499389648,24.8972222,48.0,50.0
Brandon Young,6.679633140563965,1.554542899131775,51.53474807739258,25.9305555,250.0,45.0
Cade Cavalli,6.812220573425293,1.08125627040863,29.64352416992188,25.9444444,61.0,50.0
Max Meyer,6.817378044128418,1.251746773719788,34.70217895507812,25.3666666,60.0,50.0
Keaton Winn,6.992100715637207,0.9772742390632629,52.1208610534668,26.4277777,250.0,47.5
Kyle Hurt,7.007190704345703,0.6640110611915588,32.70827865600586,26.15,109.0,50.0
Cade Povich,7.077054500579834,1.298934459686279,38.69047546386719,24.2833333,94.0,50.0
Paul Skenes,7.188686370849609,-1.21372401714325,28.5816707611084,22.1527777,4.0,65.0
Jared Jones,7.205314636230469,-4.641562918550335e-05,34.82638168334961,22.9666666,17.0,55.0
David Festa,7.213067054748535,1.286466479301453,35.34357833862305,24.3777777,93.0,50.0
Chayce McDermott,7.330583572387695,1.173842668533325,47.55163192749023,25.9222222,250.0,47.5
Ben Brown,7.342854499816895,1.006759881973267,55.95400619506836,24.875,250.0,45.0
Chase Dollander,7.394042015075684,0.957325279712677,33.41062164306641,22.7444444,83.0,50.0
Slade Cecconi,7.479755401611328,1.076627850532532,50.25666427612305,25.0833333,250.0,45.0
T.J. Brock,7.495236396789551,1.564814567565918,47.70877838134766,24.9555555,250.0,45.0
Brandon Sproat,7.495471954345703,1.604683756828308,53.8212890625,23.8527777,250.0,45.0
Bubba Chandler,7.719025611877441,0.853661060333252,37.85683059692383,21.8611111,73.0,50.0
Zebby Matthews,7.76014232635498,1.684588432312012,53.26882553100586,24.1722222,250.0,45.0
Jackson Jobe,7.767468929290771,0.1049000024795532,35.25343704223633,21.9833333,18.0,55.0
Parker Messick,8.04627513885498,1.039812922477722,52.21360397338867,23.7444444,250.0,45.0
Braxton Ashcraft,8.046915054321289,1.003833532333374,55.28204345703125,24.8027777,250.0,47.5
Alejandro Rosario,8.097740173339844,1.046927809715271,34.69364547729492,22.55,101.0,50.0
Noah Schultz,8.322839736938477,-0.1484021246433258,37.86313247680664,20.9694444,40.0,50.0
Jairo Iriarte,8.578970909118652,1.320747137069702,42.89923095703125,22.6083333,67.0,50.0
Jake Bloss,8.66153335571289,0.6858839392662048,41.18914794921875,23.0861111,100.0,50.0
Yilber Diaz,8.689611434936523,1.023281335830688,53.02201080322266,23.9305555,250.0,45.0
Emiliano Teodo,8.698722839355469,1.238441348075867,55.85073471069336,23.4444444,250.0,45.0
Ian Seymour,8.880014419555664,1.342589974403381,52.9531364440918,25.6138888,250.0,42.5
Tink Hence,8.930814743041992,0.8232418894767761,35.4445686340332,21.9666666,99.0,50.0
Rhett Lowder,8.983346939086914,0.1488966643810272,39.22576522827148,22.3777777,19.0,55.0
Kyle Harrison,9.06986141204834,0.09612350910902023,33.26906204223633,22.95,24.0,55.0
Will Warren,9.074152946472168,1.365193367004395,45.97527313232422,25.1055555,92.0,50.0
Sawyer Gipson-Long,9.089332580566406,1.279202699661255,62.68398666381836,26.6166666,250.0,40.0
Brandon Birdsell,9.136518478393555,1.550315022468567,64.94717407226562,24.3361111,250.0,45.0
Gavin Stone,9.191873550415039,1.294559955596924,63.40432739257812,25.775,250.0,45.0
Cooper Hjerpe,9.22715950012207,1.011850237846375,48.51303100585938,23.3555555,250.0,45.0
Kumar Rocker,9.340272903442383,1.18821132183075,55.55478668212891,24.6722222,250.0,42.5
Quinn Mathews,9.501220703125,1.081217169761658,50.6619987487793,23.8055555,250.0,42.5
Thomas Harrington,9.5213041305542,1.160422205924988,56.78637313842773,23.0333333,250.0,45.0
Cade Smith,9.602713584899902,1.050026893615723,59.4208984375,25.2083333,250.0,40.0
Hunter Barco,9.671927452087402,1.434267401695251,50.47327423095703,23.6083333,250.0,45.0
Dedniel Nunez,9.712499618530273,0.9341662526130676,60.09590530395508,28.1361111,250.0,37.5
Brody Hopkins,9.725915908813477,1.264156699180603,55.91054153442383,22.5166666,250.0,47.5
Drew Thorpe,9.766189575195312,1.300534725189209,42.7458381652832,22.8138888,75.0,50.0
Erik Miller,9.771158218383789,1.279844403266907,60.33958053588867,26.4472222,250.0,40.0
Trent Harris,9.862247467041016,1.496490359306335,51.63010406494141,25.5055555,250.0,42.5
Hurston Waldrep,9.869969367980957,1.465531826019287,43.93328475952148,22.3972222,98.0,50.0
Travis Sykora,9.90224838256836,0.7185916900634766,50.12057876586914,20.2388888,250.0,45.0
Mike Burrows,9.91221809387207,0.8238170742988586,54.59479904174805,24.7111111,250.0,47.5
Justin Slaten,9.982597351074219,0.6244490146636963,63.5692138671875,26.8583333,250.0,42.5
Chase Hampton,10.04819869995117,1.148568272590637,48.32049179077148,22.9638888,110.0,50.0
Mitchell Parker,10.0529146194458,0.9091340899467468,53.19589996337891,24.825,250.0,42.5
Winston Santos,10.09001541137695,0.9703340530395508,52.4976806640625,22.275,250.0,45.0
Justin Wrobleski,10.16668224334717,1.759195685386658,61.2607421875,24.0277777,250.0,45.0
Jordan Leasure,10.24890232086182,1.184985995292664,56.62345123291016,25.9416666,250.0,42.5
Julian Aguiar,10.26413726806641,1.677123665809631,59.57639694213867,23.1388888,250.0,45.0
Luis Gil,10.2643518447876,1.259279012680054,63.67766189575195,26.1416666,250.0,42.5
Kohl Drake,10.27395057678223,1.207041144371033,53.25727462768555,24.0194444,250.0,42.5
Troy Melton,10.29207515716553,1.377915978431702,56.29458236694336,23.6416666,250.0,45.0
Zach Brzykcy,10.36281585693359,1.19695770740509,52.47003173828125,25.0333333,250.0,40.0
Cade Horton,10.41885948181152,0.5697826147079468,34.5131950378418,22.9277777,31.0,55.0
Adam Macko,10.44410133361816,0.9998912811279297,56.66213607788086,23.5666666,250.0,45.0
Grant Holman,10.45108413696289,0.8503608703613281,47.1388053894043,24.15,250.0,42.5
Luis Morales,10.47468566894531,1.224504232406616,47.40813446044922,21.8333333,107.0,50.0
Ty Madden,10.58035945892334,1.26601243019104,56.55020904541016,24.425,250.0,45.0
Jack Leiter,10.62672996520996,0.8160296678543091,58.82989501953125,24.2583333,250.0,42.5
Yoniel Curet,10.66676712036133,1.014034509658813,61.68987655639648,21.725,250.0,45.0
Robert Gasser,10.67908477783203,1.860817193984985,58.61291122436523,25.15,250.0,45.0
Carson Whisenhunt,10.71705436706543,0.8812061548233032,42.13412475585938,23.7611111,102.0,50.0
Jake Eder,10.76119804382324,1.181745529174805,63.9626350402832,25.7916666,250.0,47.5
Orion Kerkering,10.78765392303467,0.7537291646003723,57.72394943237305,23.3055555,250.0,42.5
Angel Chivilli,10.8316593170166,0.5131124258041382,47.1707878112793,21.9888888,250.0,45.0
Reggie Crawford,10.86652946472168,1.096434712409973,54.81921005249023,23.6388888,250.0,45.0
Kyle Leahy,10.94704437255859,1.642807960510254,62.33425521850586,27.1388888,250.0,40.0
Luis Perales,10.96849822998047,1.195618867874146,52.58876419067383,21.2777777,250.0,45.0
Hunter Stratton,11.10299587249756,0.8488022685050964,58.51133346557617,27.6861111,250.0,40.0
Orlando Ribalta,11.11733245849609,0.7485374808311462,51.76491928100586,26.3861111,250.0,42.5
Mitch Spence,11.14394760131836,1.237107634544373,59.2713623046875,26.2166666,250.0,40.0
Noah Cameron,11.24670219421387,1.364287972450256,58.50449371337891,25.0194444,250.0,42.5
Drue Hackenberg,11.28414916992188,1.592075824737549,61.91640853881836,22.3138888,250.0,45.0
AJ Smith-Shawver,11.39200401306152,0.001278793788515031,38.20113372802734,21.6777777,25.0,55.0
Jacob Misiorowski,11.47836971282959,0.8892238736152649,38.50002288818359,22.3083333,39.0,50.0
Evan Reifert,11.48504638671875,1.408028244972229,62.95965194702148,25.1944444,250.0,40.0
Chase Petty,11.64909362792969,1.146051287651062,65.1521987915039,21.3055555,250.0,47.5
Thomas White,11.68034648895264,0.7733544707298279,53.8717155456543,19.8194444,250.0,47.5
Juan Nunez,11.77169418334961,0.9830859303474426,52.63228225708008,23.6305555,250.0,42.5
Ben Kudrna,11.77780914306641,1.532470941543579,59.11199951171875,21.4833333,250.0,45.0
Emerson Hancock,11.78085708618164,1.142658114433289,58.39081573486328,25.15,250.0,45.0
Andrew Walters,11.91955852508545,0.8042408227920532,52.71055221557617,23.6277777,250.0,42.5
Kohl Franklin,11.96132469177246,1.111027002334595,62.65928268432617,24.875,250.0,40.0
Grant Holmes,11.970290184021,1.491334319114685,59.14028549194336,28.3388888,250.0,40.0
Justin Martinez,12.05560874938965,1.161737561225891,55.49218368530273,22.9833333,250.0,42.5
Joe Whitman,12.12700939178467,1.370844721794128,58.99325180053711,22.8527777,250.0,45.0
C.J. Culpepper,12.1586742401123,1.631214737892151,58.64811325073242,22.7277777,250.0,45.0
Jedixson Paez,12.22150802612305,1.40712034702301,62.46430206298828,20.5194444,250.0,45.0
Marco Raya,12.29363632202148,1.346760153770447,61.78610229492188,21.9638888,250.0,45.0
Jose Butto,12.37443447113037,0.8138341307640076,62.39458847045898,26.3472222,250.0,40.0
Walter Pennington,12.38890266418457,1.411080241203308,59.10075759887695,26.2777777,250.0,37.5
Connor Prielipp,12.40239524841309,0.9697944521903992,60.98342895507812,23.5388888,250.0,42.5
Elmer Rodriguez-Cruz,12.41351985931396,1.471111297607422,57.42886352539062,20.9333333,250.0,45.0
Landen Roupp,12.53952312469482,1.506550788879395,60.34638595581055,25.8722222,250.0,40.0
Clayton Beeter,12.55028057098389,1.01652729511261,57.97657012939453,25.7916666,250.0,40.0
Josh Walker,12.66038703918457,0.6884523034095764,60.37905502319336,29.6472222,250.0,40.0
Chen-Wei Lin,12.71291637420654,1.518743276596069,58.76116561889648,22.6722222,250.0,42.5
Brody McCullough,12.74679565429688,1.235305070877075,57.73563385009766,24.0666666,250.0,42.5
Seth Halvorsen,12.75796318054199,1.42337167263031,60.48307037353516,24.4333333,250.0,42.5
Caden Dana,12.76930809020996,0.9913927316665649,67.21401977539062,20.6027777,250.0,45.0
Andrew Moore,12.79318523406982,1.106973528862,57.11548614501953,24.9527777,250.0,42.5
Shane Smith,12.91202735900879,1.143694758415222,61.2518310546875,24.3055555,250.0,40.0
Francis Pena,12.91556358337402,1.392291784286499,58.44196319580078,23.4972222,250.0,42.5
David Sandlin,12.93761825561523,0.8149634599685669,64.70182037353516,23.425,250.0,45.0
Devin Sweet,12.95513153076172,1.133680820465088,57.84973907470703,27.8833333,250.0,37.5
Stephen Kolek,13.06674861907959,1.167778253555298,66.50386047363281,27.2666666,250.0,40.0
Gary Gill Hill,13.11860942840576,0.9371994137763977,61.12577056884766,19.8444444,250.0,45.0
Juan Mejia,13.12058925628662,1.414696335792542,65.96576690673828,24.0555555,250.0,45.0
Brady Basso,13.16971588134766,1.458407044410706,61.71352005004883,26.7944444,250.0,40.0
Tekoah Roby,13.20360851287842,0.7484137415885925,50.67703247070312,22.85,106.0,50.0
JR Ritchie,13.28021430969238,1.440021157264709,54.47758865356445,21.0777777,250.0,47.5
Seth Johnson,13.29898643493652,1.12996232509613,63.26175689697266,25.8472222,250.0,42.5
Omar Cruz,13.32587242126465,1.175387740135193,60.4702262878418,25.4944444,250.0,40.0
Nolan McLean,13.40335083007812,1.300859808921814,68.9094009399414,23.0,250.0,42.5
Luis Peralta,13.43941020965576,1.301344275474548,54.78009033203125,23.55,250.0,40.0
Bryce Jarvis,13.58932304382324,1.606157898902893,74.97965240478516,26.5777777,250.0,40.0
Bryan Hudson,13.60277843475342,1.362345218658447,61.7503776550293,27.2111111,250.0,37.5
Jaden Hill,13.60903453826904,1.340855956077576,57.42483520507812,24.5888888,250.0,42.5
Landon Knack,13.66020965576172,0.7375122904777527,61.30583572387695,27.525,250.0,40.0
Blake Burkhalter,13.73200511932373,1.258697152137756,60.52740478515625,23.8472222,250.0,42.5
Jonathan Cannon,13.73728561401367,1.050403952598572,65.4256820678711,24.0138888,250.0,45.0
Izack Tiger,13.78079509735107,1.303894519805908,56.08353424072266,23.4611111,250.0,42.5
Zac Leigh,13.83904647827148,1.144879579544067,62.71977615356445,26.6944444,250.0,40.0
Franco Aleman,13.84157562255859,1.326401710510254,57.56306076049805,24.0777777,250.0,40.0
Jack Choate,13.85505199432373,1.315355539321899,65.33684539794922,23.2666666,250.0,40.0
Caleb Kilian,13.88005256652832,1.619491934776306,69.64588928222656,27.1444444,250.0,40.0
Logan Henderson,13.89311504364014,0.7459880709648132,57.3781623840332,22.3944444,250.0,42.5
Joey Cantillo,13.92350769042969,0.9886112213134766,60.26479721069336,24.6,250.0,42.5
Seth Shuman,13.92854118347168,1.550314903259277,69.19520568847656,26.6472222,250.0,40.0
Matt Pushard,13.95851421356201,1.309921145439148,61.8409309387207,26.7416666,250.0,37.5
Rolddy Munoz,13.99440765380859,1.60209846496582,67.38072967529297,24.2777777,250.0,40.0
Andrew Morris,14.03787803649902,1.548053622245789,62.96444320678711,22.8972222,250.0,42.5
Michael Mercado,14.09721660614014,0.8188756108283997,61.50825881958008,25.275,250.0,40.0
Trey McLoughlin,14.13563823699951,1.548364043235779,64.91755676269531,25.1194444,250.0,40.0
Daniel Robert,14.15978050231934,1.084792852401733,59.24843215942383,29.9,250.0,37.5
Owen Murphy,14.16134834289551,0.8879007697105408,53.01870346069336,20.825,250.0,45.0
Mason Barnett,14.19961833953857,1.38623058795929,58.62773513793945,23.7138888,250.0,42.5
Jayvien Sandridge,14.38074398040771,1.205586552619934,62.5683479309082,25.4527777,250.0,40.0
Blade Tidwell,14.41635417938232,0.6800352334976196,62.18780517578125,23.1277777,250.0,45.0
Peyton Alford,14.43588161468506,1.17151153087616,59.94247055053711,26.9416666,250.0,37.5
Ky Bush,14.44084930419922,1.456953883171082,68.50777435302734,24.7,250.0,40.0
Logan Evans,14.45027732849121,1.697018265724182,70.64370727539062,23.1361111,250.0,42.5
Dane Acker,14.45759868621826,1.274204969406128,63.7004508972168,25.3138888,250.0,40.0
Spencer Arrighetti,14.53484916687012,0.8847387433052063,62.3742790222168,24.5611111,250.0,42.5
Zach Maxwell,14.56180477142334,1.119947910308838,60.69504928588867,23.4944444,250.0,42.5
Steven Zobac,14.56653118133545,1.358325958251953,65.75357818603516,23.7777777,250.0,42.5
Nick Nastrini,14.56691360473633,0.8325074315071106,60.92832183837891,24.4333333,250.0,47.5
Jackson Baumeister,14.6499547958374,1.035781502723694,56.21941757202148,22.0388888,250.0,42.5
Marc Church,14.66061973571777,0.6201722025871277,59.69963455200195,23.3166666,250.0,42.5
Austin Vernon,14.68968963623047,1.130340933799744,65.1951675415039,25.4611111,250.0,40.0
Kody Funderburk,14.75371170043945,1.454529166221619,63.18165969848633,27.6583333,250.0,40.0
Jacob Latz,14.77907180786133,0.9363293051719666,65.64673614501953,28.2944444,250.0,40.0
Josh Knoth,14.80993461608887,0.6642753481864929,66.87145233154297,18.9555555,250.0,45.0
Daison Acosta,14.87637519836426,1.037645697593689,60.62403106689453,25.9166666,250.0,37.5
Joe Rock,14.94088554382324,1.485256552696228,65.24809265136719,23.9861111,250.0,42.5
Hagen Danner,15.00301361083984,0.968964695930481,65.15777587890625,25.8166666,250.0,40.0
Ryan Loutos,15.14394664764404,1.281105995178223,63.8060417175293,25.4861111,250.0,40.0
Zach Agnos,15.16023540496826,0.8620244264602661,60.65032958984375,23.9416666,250.0,40.0
Royber Salinas,15.23675155639648,0.9916881918907166,57.73325729370117,23.2888888,250.0,45.0
Ryan Fernandez,15.26423263549805,1.274137496948242,71.28068542480469,26.1194444,250.0,40.0
Adam Mazur,15.27172756195068,1.35124146938324,61.50841903686523,23.2611111,250.0,42.5
Camden Minacci,15.27778148651123,1.311880469322205,54.3848762512207,22.5277777,250.0,40.0
Ben Peoples,15.31714057922363,1.169082999229431,63.12528610229492,23.2305555,250.0,42.5
Chih-Jung Liu,15.58406734466553,1.016196012496948,64.92011260986328,25.2972222,250.0,37.5
Hunter Dobbins,15.58536911010742,1.372794508934021,66.480712890625,24.9,250.0,40.0
Carson Palmquist,15.61121940612793,0.6929230093955994,62.71133422851562,23.7694444,250.0,40.0
Michael Knorr,15.72088050842285,1.09200131893158,64.92626190185547,24.2,250.0,40.0
Jacob Lopez,15.76127433776855,1.292360186576843,68.56329345703125,26.3694444,250.0,40.0
Logan Workman,15.78466320037842,1.476369023323059,66.25271606445312,25.6333333,250.0,40.0
Grant Taylor,15.78721046447754,1.141908168792725,61.07889556884766,22.1777777,250.0,40.0
Joe Boyle,15.86679077148438,1.211538672447205,58.64597320556641,24.9444444,250.0,45.0
Bradley Blalock,15.9406156539917,1.734343528747559,65.14082336425781,23.5805555,250.0,42.5
Will Klein,15.96227931976318,1.015055060386658,64.239013671875,24.6555555,250.0,42.5
Jonah Tong,15.96421337127686,1.556374073028564,62.33985137939453,21.125,250.0,40.0
Emmanuel Ramirez,16.0157470703125,1.252477407455444,65.11730194091797,30.025,250.0,37.5
Sean Burke,16.06776237487793,0.6985723376274109,61.62763595581055,24.6,250.0,40.0
Daysbel Hernandez,16.12259292602539,0.8839380145072937,64.74937438964844,27.8583333,250.0,37.5
Miguel Ullola,16.17567443847656,1.049198865890503,66.04380798339844,22.0972222,250.0,42.5
Peyton Pallette,16.28012657165527,1.364748001098633,65.22795867919922,23.2083333,250.0,40.0
Randy Rodriguez,16.30779075622559,1.407689452171326,61.13567733764648,24.8861111,250.0,42.5
Andrew Baker,16.31522178649902,1.39295506477356,67.27236938476562,24.3333333,250.0,40.0
Lucas Braun,16.32901000976562,1.386759281158447,68.83747863769531,22.9111111,250.0,40.0
Carson Spiers,16.35321426391602,1.521097421646118,66.48799896240234,26.7027777,250.0,37.5
Christian McGowan,16.37204360961914,1.406904101371765,69.11682891845703,24.3805555,250.0,40.0
Yoendrys Gomez,16.37689590454102,0.9321413040161133,65.402099609375,24.775,250.0,40.0
Ricky Vanasco,16.46832466125488,0.8729023337364197,66.61132049560547,25.7805555,250.0,40.0
Lyon Richardson,16.51837158203125,1.286389827728271,68.99742889404297,24.5166666,250.0,40.0
Cody Morris,16.54377365112305,0.8415517807006836,64.638427734375,27.7222222,250.0,40.0
Sean Sullivan,16.65799331665039,1.118536591529846,62.9854850769043,22.0055555,250.0,40.0
Josh Ekness,16.67777061462402,1.10985004901886,60.04843139648438,22.4638888,250.0,40.0
Evan Shawver,16.6782112121582,0.9328666925430298,67.13018798828125,24.8694444,250.0,40.0
Kyle Nicolas,16.72550964355469,1.357545256614685,72.39288330078125,25.4222222,250.0,40.0
Spencer Miles,16.73019790649414,1.312097549438477,66.56614685058594,23.9944444,250.0,40.0
Anthony Maldonado,16.74465942382812,0.8335728049278259,71.86554718017578,26.4666666,250.0,40.0
Marcus Johnson,16.74656295776367,1.415122866630554,69.5025863647461,23.6194444,250.0,40.0
Hayden Birdsong,16.77250671386719,1.042977809906006,69.2902603149414,22.9,250.0,40.0
Randy Vasquez,16.8109016418457,0.7102769017219543,64.4019546508789,25.725,250.0,42.5
Freddy Tarnok,16.81887054443359,0.8086212277412415,68.26727294921875,25.6666666,250.0,40.0
J.T. Ginn,16.91634559631348,1.464564085006714,70.719482421875,25.1777777,250.0,40.0
Maddux Bruns,16.92142295837402,0.9892218708992004,62.14204788208008,22.0944444,250.0,42.5
Cole Winn,16.92350196838379,0.8224526643753052,69.73773193359375,24.6638888,250.0,40.0
Allan Winans,16.95104789733887,1.525294661521912,73.5468521118164,28.9555555,250.0,37.5
Carlos Duran,17.00879669189453,1.285191059112549,72.05721282958984,22.9833333,250.0,42.5
Jack Kochanowicz,17.02370071411133,1.678812861442566,72.88626098632812,23.5888888,250.0,40.0
Brant Hurter,17.03826332092285,1.540948867797852,73.40390014648438,25.8833333,250.0,40.0
A.J. Blubaugh,17.0966796875,0.7544126510620117,66.49028778076172,24.0555555,250.0,40.0
Patrick Reilly,17.11392593383789,1.154082179069519,66.75312805175781,22.7972222,250.0,40.0
Brandan Bidois,17.16067123413086,1.055875182151794,64.6212387084961,23.0916666,250.0,40.0
Luinder Avila,17.19749450683594,1.658711671829224,66.87490844726562,22.925,250.0,42.5
Patrick Halligan,17.19970321655273,1.358702540397644,70.85769653320312,24.8055555,250.0,37.5
Jacob Wallace,17.20773696899414,1.15087628364563,65.65422821044922,25.9472222,250.0,37.5
Felix Arronde,17.21572113037109,1.388443231582642,65.51346588134766,21.2472222,250.0,42.5
Ben Joyce,17.2240104675293,1.365757822990417,62.3714485168457,23.8527777,250.0,40.0
Payton Martin,17.25202369689941,1.141571640968323,69.02538299560547,20.1805555,250.0,45.0
Justin Sterner,17.26705169677734,1.113585233688354,62.38424682617188,27.9027777,250.0,37.5
Trey McGough,17.31080627441406,1.228331089019775,65.77774810791016,26.3194444,250.0,37.5
Richard Fitts,17.34964370727539,1.062851071357727,71.7203140258789,24.6027777,250.0,40.0
Sauryn Lao,17.35976791381836,1.64055860042572,79.36705017089844,24.9444444,250.0,40.0
RJ Petit,17.40053367614746,1.449142336845398,64.29927825927734,24.8361111,250.0,37.5
Victor Vodnik,17.46615982055664,1.113279223442078,81.15071105957031,24.7916666,250.0,40.0
Shane Drohan,17.52513122558594,0.739338219165802,67.2927017211914,25.5472222,250.0,40.0
Jared Johnson,17.61001968383789,1.3208988904953,66.56976318359375,23.3583333,250.0,40.0
Ronny Henriquez,17.65133285522461,1.508073925971985,70.17601013183594,24.0944444,250.0,40.0
Edgardo Henriquez,17.68595886230469,1.024329423904419,59.17717361450195,22.0833333,250.0,42.5
Andre Granillo,17.69260025024414,1.015955924987793,66.62862396240234,24.2,250.0,40.0
Michael Forret,17.6994514465332,0.9013477563858032,72.95521545410156,20.3,250.0,42.5
Owen Wild,17.7230224609375,1.005768179893494,62.21640777587891,21.9833333,250.0,40.0
Ricardo Velez,17.74958038330078,1.767411112785339,70.64704895019531,25.925,250.0,37.5
Troy Taylor,17.75568771362305,1.422307848930359,62.18939208984375,22.875,250.0,40.0
CJ Van Eyk,17.79110336303711,1.39551055431366,74.78639221191406,25.8583333,250.0,40.0
Sem Robberse,17.87938499450684,1.167943477630615,66.197998046875,22.7833333,250.0,42.5
Nate Lavender,17.96557998657227,1.024436473846436,69.47521209716797,24.5111111,250.0,37.5
Yosber Sanchez,17.99940872192383,1.363978266716003,60.77548980712891,23.1722222,250.0,37.5
Antonio Jimenez,18.04691886901855,1.706169486045837,72.05509948730469,23.2166666,250.0,40.0
Cy Nielson,18.16798782348633,1.302091479301453,72.26879119873047,23.4138888,250.0,40.0
Moises Chace,18.31837463378906,1.080902338027954,62.70447540283203,21.125,250.0,40.0
Nick Avila,18.35586357116699,0.8683096766471863,71.01058959960938,26.9972222,250.0,37.5
Luke Little,18.50387573242188,1.294678330421448,68.8316879272461,23.9,250.0,42.5
T.J. Sikkema,18.51267242431641,1.800436854362488,76.15880584716797,25.9972222,250.0,37.5
Peter Heubeck,18.53054428100586,0.9764841198921204,63.0380973815918,22.0055555,250.0,42.5
Ian Bedell,18.61275291442871,0.8779069185256958,70.71650695800781,24.8861111,250.0,40.0
Santiago Suarez,18.64371109008789,1.23743999004364,68.16361236572266,19.5361111,250.0,42.5
Austin Krob,18.67560768127441,1.98492968082428,75.5870590209961,24.8388888,250.0,40.0
Sam McWilliams,18.67905044555664,0.7977363467216492,67.85540008544922,28.8888888,250.0,37.5
Steven Cruz,18.68645095825195,1.498849511146545,72.56450653076172,25.1083333,250.0,37.5
Chandler Champlain,18.73504257202148,1.069653868675232,72.51513671875,25.0027777,250.0,42.5
Mitch Farris,18.73944664001465,1.238596677780151,63.92756271362305,23.4444444,250.0,37.5
Kendry Rojas,18.77145004272461,1.439537405967712,61.0537223815918,21.6611111,250.0,42.5
Mick Abel,18.78508949279785,0.5695028901100159,50.61870193481445,22.9333333,72.0,50.0
Gerardo Gutierrez,18.8109245300293,1.250445485115051,72.57183837890625,25.8583333,250.0,40.0
Matt Krook,18.87016677856445,1.476367831230164,73.0038070678711,29.7583333,250.0,37.5
Ryan Lobus,18.88142204284668,1.311952948570251,67.54660034179688,23.8777777,250.0,37.5
Luis Vargas,18.89690780639648,1.244112730026245,70.38140869140625,22.2277777,250.0,40.0
Noble Meyer,18.91143608093262,0.7638804912567139,47.36111831665039,19.5388888,84.0,50.0
Jackson Ferris,18.96298027038574,1.170179963111877,66.11022186279297,20.525,250.0,42.5
Nolan Hoffmann,18.99521255493164,1.662234902381897,71.14662170410156,26.9583333,250.0,37.5
Luis Curvelo,19.01315689086914,1.076052784919739,74.5978775024414,23.7583333,250.0,37.5
Jimmy  Joyce,19.01681518554688,1.216780304908752,73.54048156738281,25.5305555,250.0,40.0
Jack Mahoney,19.02008056640625,1.681653261184692,74.56768035888672,22.9472222,250.0,40.0
Wikelman Gonzalez,19.02208518981934,0.8267261385917664,68.22023010253906,22.3305555,250.0,42.5
Mason Black,19.02946090698242,0.7773327231407166,68.201416015625,24.6222222,250.0,40.0
Michael Morales,19.05863952636719,1.596723556518555,74.50825500488281,21.9472222,250.0,40.0
Justin King,19.06098556518555,0.9276098608970642,66.2344741821289,26.5972222,250.0,37.5
Tanner Kiest,19.07116508483887,1.431414008140564,66.34545135498047,29.8555555,250.0,37.5
Will Johnston,19.11760711669922,1.069408774375916,64.83922576904297,23.6166666,250.0,37.5
Joseph Montalvo,19.13629722595215,1.334066867828369,66.76478576660156,22.2222222,250.0,40.0
Connor Cooke,19.14711761474609,1.354105591773987,67.9016342163086,24.7277777,250.0,42.5
Jose Rodriguez,19.18654823303223,1.080204844474792,66.26888275146484,23.0166666,250.0,37.5
Luis Mey,19.20665550231934,1.399816036224365,73.13652801513672,23.0833333,250.0,40.0
Elison Joseph,19.22994804382324,1.607740640640259,70.21016693115234,23.5,250.0,37.5
Robby Ahlstrom,19.26725387573242,0.9477112889289856,72.48793029785156,25.0972222,250.0,37.5
Calvin Ziegler,19.28481101989746,0.775698721408844,59.6974983215332,21.8083333,250.0,40.0
Noah Dean,19.29567337036133,1.448864579200745,67.74349212646484,23.3722222,250.0,40.0
Jarlin Susana,19.32097053527832,1.061233878135681,70.47003173828125,20.3361111,250.0,42.5
Kadon Morton,19.3390998840332,1.056192994117737,70.8625717163086,23.6805555,250.0,40.0
Prelander Berroa,19.34720039367676,0.8115779161453247,71.2656021118164,24.2666666,250.0,42.5
Connor Thomas,19.3669319152832,1.792651176452637,76.26167297363281,26.1527777,250.0,37.5
Owen White,19.38198471069336,0.9563180804252625,74.2614974975586,24.9583333,250.0,40.0
Riley Martin,19.38544654846191,1.588084578514099,69.8921127319336,26.3472222,250.0,37.5
Skylar Hales,19.44508361816406,1.214634418487549,66.41571807861328,22.75,250.0,40.0
Garrett Baumann,19.47014808654785,1.271144032478333,71.65704345703125,19.9416666,250.0,42.5
Juaron Watts-Brown,19.49859809875488,1.494831442832947,64.86868286132812,22.4194444,250.0,42.5
Joel Hurtado,19.52260971069336,1.33604633808136,72.73580932617188,23.4666666,250.0,40.0
Drew Dowd,19.59841156005859,1.539012789726257,77.05330657958984,22.5583333,250.0,40.0
Stevie Emanuels,19.60246849060059,0.6346974968910217,69.49492645263672,25.4833333,250.0,37.5
Chad Dallas,19.65952301025391,0.9106351733207703,81.86280822753906,24.0777777,250.0,40.0
Isaiah Lowe,19.70940399169922,0.70291668176651,65.25729370117188,21.2138888,250.0,40.0
Mason Montgomery,19.72949028015137,0.8765974044799805,72.2550277709961,24.1027777,250.0,40.0
Keagan Gillies,19.73025321960449,1.253886103630066,70.38655090332031,26.4916666,250.0,37.5
Porter Hodge,19.74771499633789,1.607780337333679,66.38530731201172,23.425,250.0,40.0
Michael Prosecky,19.7983512878418,1.133727550506592,66.50102996826172,23.4,250.0,40.0
Aidan Curry,19.8122444152832,0.8681671023368835,68.71846771240234,22.0527777,250.0,42.5
Dylan Ray,19.85079574584961,1.583803534507751,75.01079559326172,23.2083333,250.0,40.0
Jhancarlos  Lara,19.88950538635254,1.370286107063293,73.20262908935547,21.525,250.0,42.5
George Klassen,20.00686645507812,1.429095149040222,65.05379486083984,22.4944444,250.0,37.5
Michael Arias,20.07617950439453,0.6936429142951965,64.8906021118164,22.6916666,250.0,45.0
Ricky Tiedemann,20.11588096618652,0.3571726381778717,38.75004577636719,21.9333333,35.0,55.0
McKinley Moore,20.17084121704102,1.306268334388733,78.06207275390625,25.9166666,250.0,40.0
Davis Daniel,20.20281791687012,0.8504263162612915,74.50806427001953,27.1194444,250.0,37.5
Eric Adler,20.27213668823242,1.351499557495117,67.7685775756836,23.7833333,250.0,37.5
Andrew Saalfrank,20.30670166015625,1.210640072822571,75.04669189453125,26.9333333,250.0,37.5
DJ Herz,20.41103172302246,0.6706418991088867,65.00981903076172,23.5555555,250.0,42.5
Dugan Darnell,20.52398300170898,1.315607190132141,70.831298828125,27.0777777,250.0,37.5
Connor Noland,20.56721496582031,1.759911179542542,81.90923309326172,25.0111111,250.0,37.5
Will Dion,20.60544013977051,0.6364530920982361,73.8346939086914,24.2694444,250.0,40.0
Tyler Schlaffer,20.61112976074219,1.269868969917297,72.84809112548828,23.1666666,250.0,40.0
Doug Nikhazy,20.6515064239502,1.01656711101532,81.4994888305664,24.9527777,250.0,37.5
Richard Fernandez,20.65412521362305,0.4425454139709473,63.6265754699707,21.8388888,250.0,40.0
Ben Madison,20.73369598388672,1.602784514427185,73.50419616699219,26.8583333,250.0,37.5
Cody Laweryson,20.76259613037109,1.510751008987427,82.72473907470703,26.2055555,250.0,37.5
Roddery Munoz,20.76385498046875,0.9037915468215942,88.95429992675781,24.2777777,250.0,40.0
Tyler Stuart,20.77651214599609,1.701107382774353,71.71245574951172,24.7944444,250.0,37.5
Jorge Juan,20.79073905944824,0.7196869254112244,70.27643585205078,25.3833333,250.0,37.5
Colton Gordon,20.81156921386719,0.9272832870483398,77.32683563232422,25.5944444,250.0,37.5
Guillo Zuniga,20.81481552124023,0.927331268787384,74.2115249633789,25.7888888,250.0,37.5
Yordanny Monegro,20.83475685119629,1.192971229553223,63.71531295776367,21.7777777,250.0,40.0
Yu-Min Lin,20.87099838256836,1.797090768814087,73.43292236328125,21.0333333,250.0,42.5
Adam Serwinowski,20.88610458374023,1.106922030448914,69.62303924560547,20.1305555,250.0,40.0
Alex Pham,20.90113067626953,1.339856743812561,69.03739166259766,24.7916666,250.0,37.5
Jackson Rutledge,20.96225166320801,0.9605255126953125,73.63055419921875,25.3138888,250.0,40.0
Seth Keener,21.0059700012207,1.795909523963928,77.17611694335938,22.8055555,250.0,40.0
Brandyn Garcia,21.03664970397949,1.406000256538391,67.2685317993164,24.1583333,250.0,37.5
Simeon Woods Richardson,21.0384635925293,1.076651453971863,71.30484008789062,23.825,250.0,40.0
Cristian Mena,21.04890441894531,1.071155428886414,67.32933044433594,21.5916666,250.0,42.5
Connor Phillips,21.21575355529785,1.21479058265686,68.17774963378906,23.2222222,250.0,45.0
Mitch Bratt,21.21640777587891,1.331230282783508,71.88323211669922,21.0583333,250.0,40.0
Samuel Carpio,21.2331657409668,1.459314346313477,65.46847534179688,21.2166666,250.0,40.0
Andrew Hoffmann,21.2526683807373,1.165399789810181,75.76502990722656,24.4777777,250.0,40.0
Sam Aldegheri,21.26047515869141,1.110775947570801,63.98562622070312,22.875,250.0,37.5
Bradgley Rodriguez,21.2657356262207,0.7526025772094727,64.86151885986328,20.6888888,250.0,40.0
Patrick Monteverde,21.3524227142334,0.9806205034255981,74.33174896240234,26.8333333,250.0,37.5
Yordin Chalas,21.38100051879883,1.031129121780396,66.21044158935547,20.4777777,250.0,42.5
Juan Daniel Encarnacion,21.39233207702637,1.261260867118835,74.97041320800781,23.3166666,250.0,40.0
McCade Brown,21.41631889343262,0.6412436962127686,73.78691864013672,24.1916666,250.0,40.0
Dom Hamel,21.46286582946777,1.270715475082397,75.7949447631836,25.3944444,250.0,40.0
Edgar Portes,21.46637535095215,1.429522752761841,67.45001220703125,21.8111111,250.0,40.0
Hayden Mullins,21.47704696655273,1.198726534843445,69.04798126220703,23.8611111,250.0,37.5
Hunter Stanley,21.49473571777344,0.835894763469696,76.48302459716797,26.6638888,250.0,37.5
Cory Lewis,21.53511619567871,1.251738309860229,66.24252319335938,23.7916666,250.0,37.5
T.J. Nichols,21.64410209655762,1.670512437820435,74.12236785888672,22.0833333,250.0,40.0
Sean Reynolds,21.64573669433594,1.100864171981812,67.93128967285156,26.2638888,250.0,37.5
Sabier Marte,21.69836044311523,1.306801199913025,70.0302734375,20.4555555,250.0,42.5
Marques Johnson,21.74900817871094,1.072457313537598,64.98238372802734,24.0555555,250.0,37.5
Tyler Woessner,21.78194999694824,1.401533484458923,75.49559783935547,24.7444444,250.0,40.0
Thomas  Balboni Jr.,21.80026817321777,1.061263799667358,66.9645767211914,24.05,250.0,37.5
Michael Kennedy,21.80397415161133,1.366127133369446,72.06529998779297,19.65,250.0,40.0
Dylan Dodd,21.81043815612793,1.214947700500488,75.15719604492188,26.1333333,250.0,37.5
Lucas Wepf,21.83963584899902,1.193228721618652,77.9264907836914,24.5861111,250.0,37.5
Jaxon Wiggins,21.88197135925293,1.563498616218567,71.43477630615234,22.8083333,250.0,42.5
Ben Casparius,21.92730331420898,1.028418779373169,80.797607421875,25.4527777,250.0,37.5
Yohanfer Santana,21.93034362792969,0.7552332282066345,62.55038070678711,18.7805555,250.0,47.5
Anderson Brito,21.97031211853027,0.7226706147193909,60.17417144775391,20.0472222,250.0,40.0
Wilmer Flores,22.06753540039062,1.492478251457214,68.41019439697266,23.4277777,250.0,42.5
Jacob Wosinski,22.11002349853516,0.9223065376281738,72.19355010986328,25.375,250.0,37.5
David Matoma,22.18035125732422,0.6697906851768494,60.84832763671875,18.4777777,250.0,42.5
Cade Kuehler,22.20483779907227,1.507637739181519,73.30329895019531,22.1666666,250.0,40.0
Caden Grice,22.23250961303711,1.375969648361206,69.62460327148438,22.1083333,250.0,40.0
Victor Simeon,22.2830638885498,1.766595840454102,75.2833480834961,23.6388888,250.0,37.5
Darren Bowen,22.3195858001709,1.5413578748703,81.08824920654297,23.475,250.0,40.0
Alonzo Tredwell,22.34749984741211,1.620748400688171,68.50472259521484,22.2111111,250.0,42.5
Yosver Zulueta,22.35902786254883,1.469650983810425,85.87613677978516,26.5027777,250.0,37.5
Luis De Leon,22.39138603210449,1.483610153198242,76.646484375,21.2777777,250.0,42.5
Luis Guerrero,22.39427757263184,0.5928964018821716,68.54086303710938,23.9694444,250.0,37.5
Tyler Owens,22.53605651855469,1.068553805351257,73.88099670410156,23.5416666,250.0,37.5
Chalniel Arias,22.54502487182617,1.390542149543762,67.89260864257812,20.8694444,250.0,42.5
Alfredo Zarraga,22.59574508666992,1.275677919387817,75.02352142333984,23.6888888,250.0,37.5
Pete Hansen,22.62662315368652,1.397713899612427,79.18218231201172,23.9888888,250.0,37.5
John McMillon,22.64307403564453,0.8722955584526062,78.56664276123047,26.4916666,250.0,37.5
Ronan Kopp,22.64309692382812,0.9535828828811646,69.79546356201172,21.9861111,250.0,42.5
Carlos Vargas,22.66269302368164,1.198422908782959,77.05109405517578,24.7805555,250.0,37.5
Anthony Veneziano,22.6783447265625,0.9301296472549438,74.55384826660156,26.8972222,250.0,37.5
Leonardo Taveras,22.7469310760498,0.7869629263877869,76.15292358398438,25.8805555,250.0,37.5
Luke Albright,22.78732109069824,1.236295342445374,78.94374084472656,24.6138888,250.0,40.0
Robby Snelling,22.84238815307617,1.219242215156555,68.79935455322266,20.5972222,250.0,42.5
Noah Murdock,22.84882736206055,1.335635542869568,71.17835998535156,25.9277777,250.0,37.5
Beck Way,22.93528747558594,1.25180184841156,78.06194305419922,24.9666666,250.0,37.5
Trevor McDonald,22.94477462768555,1.350210309028625,75.71448516845703,23.4111111,250.0,40.0
Cole Paplham,22.95394515991211,1.518541932106018,75.06670379638672,24.3472222,250.0,37.5
Kade Strowd,23.0114803314209,1.363346219062805,72.16683197021484,26.8527777,250.0,37.5
Braxton Roxby,23.03850364685059,1.316283106803894,71.49132537841797,25.3666666,250.0,37.5
Jonathan Bowlan,23.06779098510742,1.430411338806152,76.38152313232422,27.6472222,250.0,37.5
Alek Jacob,23.06856155395508,0.9143964052200317,74.82171630859375,26.1055555,250.0,37.5
Alex Cook,23.1456298828125,1.281723856925964,73.33145904541016,23.3194444,250.0,37.5
Steven Echavarria,23.17973899841309,1.002243041992188,72.12771606445312,18.9666666,250.0,45.0
Anyer Laureano,23.18732070922852,1.394269704818726,70.17607879638672,21.5694444,250.0,40.0
Will Sanders,23.32240867614746,1.361832022666931,73.36614227294922,22.3166666,250.0,40.0
Brock Selvidge,23.33463668823242,1.819977760314941,76.9320297241211,21.9055555,250.0,40.0
Alex Clemmey,23.36734390258789,1.061127185821533,69.36676025390625,19.0166666,250.0,42.5
Alimber Santa,23.44680786132812,1.278692364692688,69.79896545410156,21.225,250.0,42.5
Jordan Woods,23.49040603637695,0.8265418410301208,61.45833969116211,20.7,250.0,42.5
Jose Olivares,23.50860595703125,1.508838891983032,74.57686614990234,21.5166666,250.0,40.0
Carlos Tavera,23.60172080993652,0.7693840861320496,76.68818664550781,25.8,250.0,37.5
Brandon Barriera,23.6058349609375,1.365580797195435,80.02947998046875,20.3888888,250.0,45.0
Carlos Rodriguez,23.6341667175293,0.8092046976089478,73.64845275878906,22.6583333,250.0,40.0
Eduarniel Nunez,23.69908142089844,1.365154623985291,84.0131607055664,25.1305555,250.0,37.5
Travis Adams,23.72558975219727,1.452115774154663,76.02522277832031,24.5138888,250.0,37.5
Keyner Benitez,23.75601005554199,0.975699245929718,70.39361572265625,18.1694444,250.0,40.0
Jojo Ingrassia,23.7696647644043,1.330524802207947,65.66702270507812,22.0,250.0,37.5
Adrian  Bohorquez,23.82534790039062,0.9594368934631348,67.1491470336914,19.3916666,250.0,42.5
Connelly Early,23.97529411315918,1.53951108455658,71.95053100585938,22.3083333,250.0,37.5
Blake Wolters,24.02834129333496,1.442842841148376,67.86412811279297,19.7472222,250.0,42.5
Wen Hui Pan,24.06170463562012,1.120373845100403,66.75796508789062,21.8472222,250.0,37.5
Griff McGarry,24.12852096557617,1.166658282279968,71.27157592773438,25.1277777,250.0,37.5
Hayden Juenger,24.14725303649902,1.134423971176147,73.64208984375,23.9583333,250.0,37.5
James Hicks,24.16972351074219,1.549911022186279,76.96136474609375,23.2083333,250.0,37.5
Angel Bastardo,24.23633193969727,1.450206279754639,75.09553527832031,22.1,250.0,40.0
Harold Chirino,24.24998092651367,0.8721095323562622,79.81727600097656,26.5333333,250.0,37.5
Juan Morillo,24.34182357788086,1.667142510414124,79.39460754394531,25.3472222,250.0,37.5
Chris Campos,24.38064575195312,1.366025567054749,73.03386688232422,23.9472222,250.0,37.5
Spencer Giesting,24.47113800048828,1.445272326469421,78.84268188476562,23.0611111,250.0,37.5
Kai-Wei Teng,24.50400352478027,1.13692033290863,83.28462982177734,25.6472222,250.0,37.5
Jeff Criswell,24.51129722595215,0.8084821701049805,73.23322296142578,25.3722222,250.0,37.5
Keshawn Askew,24.54409790039062,1.300092220306396,70.99520874023438,24.5527777,250.0,37.5
Christian Chamberlain,24.6499137878418,0.3504360616207123,85.20885467529297,25.0111111,250.0,40.0
Joey Estes,24.74537658691406,0.767777144908905,76.45604705810547,22.7944444,250.0,40.0
Austin Smith,24.82928085327148,1.151641488075256,78.2884521484375,25.0888888,250.0,37.5
Dylan Lesko,24.83432006835938,0.4930797517299652,58.91983032226562,20.8805555,108.0,50.0
Gustavo Rodriguez,24.91043090820312,1.507848739624023,81.82795715332031,23.5444444,250.0,37.5
Kyle Carr,24.9189510345459,1.623655319213867,75.70763397216797,22.2166666,250.0,40.0
Michael McGreevy,25.0108699798584,1.811220049858093,80.24515533447266,24.0444444,250.0,37.5
Zach Fruit,25.09148025512695,1.731324553489685,73.58213806152344,22.2833333,250.0,37.5
Carter Baumler,25.09172439575195,1.992800951004028,81.37259674072266,22.4833333,250.0,40.0
Nick Dean,25.14524841308594,1.009986877441406,83.03341674804688,23.5777777,250.0,37.5
Christian Roa,25.20053672790527,1.381205558776855,77.14048767089844,25.3111111,250.0,37.5
Alex Speas,25.30012512207031,1.215227484703064,83.00487518310547,26.3888888,250.0,37.5
Anderson Paulino,25.40053176879883,1.437241792678833,77.71991729736328,25.8666666,250.0,37.5
Dylan Smith,25.41454696655273,1.702759385108948,76.17739868164062,24.1555555,250.0,37.5
Trevor Martin,25.46919250488281,1.413625955581665,79.18004608154297,23.6083333,250.0,37.5
Gordon Graceffo,25.52508163452148,1.149574756622314,80.73133087158203,24.3527777,250.0,37.5
Henry Lalane,25.57436180114746,0.7860681414604187,68.86270141601562,20.1833333,250.0,45.0
Trace Bright,25.60287475585938,1.151499390602112,79.370361328125,23.7444444,250.0,37.5
Jake Miller,25.62066650390625,0.9927215576171875,81.55094909667969,24.0277777,250.0,37.5
Clayton Andrews,25.65082931518555,1.294720649719238,75.83512115478516,27.5555555,250.0,37.5
Trey Dombroski,25.75089073181152,1.460570096969604,80.86766052246094,23.3638888,250.0,37.5
Reid Birlingmair,25.7536735534668,1.099536538124084,75.65520477294922,27.6972222,250.0,37.5
Alfred Morillo,25.8701000213623,1.456662535667419,71.20735168457031,22.6944444,250.0,37.5
Karson Milbrandt,25.88691711425781,1.451971411705017,75.09626770019531,20.2583333,250.0,40.0
Jean Cabrera,25.9257926940918,1.824182510375977,74.40057373046875,22.7611111,250.0,37.5
Marcelo Perez,25.92790031433105,1.178919434547424,83.74364471435547,24.6888888,250.0,37.5
Justin Armbruester,25.95626449584961,0.7186762690544128,88.41888427734375,25.7583333,250.0,37.5
Brycen Mautz,26.01344871520996,1.524427175521851,81.37517547607422,23.0194444,250.0,37.5
Landen Maroudis,26.01639366149902,0.8766642808914185,62.28158187866211,19.6055555,250.0,40.0
Jackson  Humphries,26.07518005371094,1.317290306091309,73.3826675415039,20.0111111,250.0,40.0
Ashton Izzi,26.0836238861084,1.149338126182556,72.7609634399414,20.6833333,250.0,40.0
Zander Mueth,26.10503959655762,0.8552490472793579,68.9810562133789,19.0888888,250.0,42.5
Hayden Wynja,26.16686248779297,0.8531028628349304,83.10851287841797,25.7777777,250.0,37.5
Reidis Sena,26.30952835083008,1.224648356437683,72.04133605957031,23.2972222,250.0,37.5
Abel Mercedes,26.62737846374512,1.3013676404953,73.75910186767578,22.0694444,250.0,42.5
Will Rudy,26.63900756835938,1.403014183044434,78.2293472290039,23.2138888,250.0,37.5
Walbert Urena,26.75558471679688,1.529887914657593,78.50856018066406,20.4972222,250.0,40.0
Mike Vasil,26.91169738769531,1.245887637138367,82.03079223632812,24.3472222,250.0,37.5
Charlee Soto,27.10094833374023,1.154459953308105,74.07618713378906,18.9,250.0,42.5
Brett Banks,27.14822387695312,1.506432294845581,75.21615600585938,22.8083333,250.0,37.5
Keider Montero,27.15421104431152,0.9059632420539856,77.03900909423828,24.05,250.0,37.5
Ryan Cusick,27.20934104919434,1.31456995010376,80.31371307373047,24.7,250.0,37.5
Henry Williams,27.33184432983398,1.590057969093323,75.51639556884766,22.85,250.0,37.5
Eriq Swan,27.48903465270996,0.7119275331497192,78.11636352539062,22.7333333,250.0,40.0
Barrett Kent,27.49448776245117,0.5647879838943481,69.95695495605469,19.8194444,250.0,42.5
Bryce Montes de Oca,27.63018798828125,1.445836901664734,81.48600006103516,28.2527777,250.0,37.5
Wilkin Ramos,27.75050163269043,1.414165854454041,77.99456024169922,23.7333333,250.0,37.5
Andry Lara,27.8087215423584,1.491434574127197,76.76972961425781,21.55,250.0,37.5
Henry Baez,27.98713684082031,1.879243493080139,75.6300277709961,21.7833333,250.0,37.5
Wyatt Crowell,28.00335311889648,1.308604598045349,71.48579406738281,22.7805555,250.0,37.5
Liam Simon,28.05265045166016,1.134512543678284,81.29202270507812,23.7722222,250.0,40.0
Zack Showalter,28.06461906433105,0.9796595573425293,65.60578918457031,20.5027777,250.0,37.5
Cody Adcock,28.12693786621094,0.7823284864425659,74.00762176513672,22.0916666,250.0,37.5
Frank Mozzicato,28.22759628295898,1.417776942253113,79.64678192138672,21.0972222,250.0,40.0
Jose Cruz,28.3095588684082,1.003651022911072,79.63037872314453,24.1833333,250.0,37.5
Jacob Miller,28.32009506225586,1.976396441459656,79.7773208618164,20.9555555,250.0,37.5
Braden Nett,28.3226375579834,1.660168886184692,77.27635955810547,22.1,250.0,37.5
Jackson Finley,28.32266998291016,0.6074985265731812,77.89934539794922,23.8583333,250.0,37.5
Po-Yu Chen,28.3835334777832,1.357900261878967,86.02764892578125,22.8111111,250.0,37.5
Justin Meis,28.53262901306152,0.9139698147773743,80.45256805419922,24.6694444,250.0,37.5
Hiro Wyatt,28.84173393249512,0.9404333233833313,77.01155090332031,19.9138888,250.0,40.0
Blake Walston,28.94148063659668,1.242995858192444,85.41283416748047,23.0722222,250.0,37.5
Adam Maier,29.00876617431641,2.111768484115601,84.86824035644531,22.6611111,250.0,37.5
Chris McElvain,29.27529525756836,1.443085908889771,77.30132293701172,23.8583333,250.0,37.5
Misael Tamarez,29.31242370605469,1.274858474731445,81.59012603759766,24.5222222,250.0,37.5
Kade Morris,29.38185882568359,1.947268128395081,79.1500015258789,22.0916666,250.0,37.5
Tyler Thornton,29.51910972595215,0.6801861524581909,75.63856506347656,24.0444444,250.0,37.5
Fernando Perez,29.53581809997559,1.296850204467773,77.80497741699219,20.45,250.0,37.5
Andy Rodriguez,29.53601455688477,1.40998363494873,75.64195251464844,21.9888888,250.0,37.5
Tyler Gough,29.63731956481934,0.8610876202583313,74.84700012207031,20.95,250.0,37.5
Mason Albright,29.71410751342773,1.243755698204041,81.13543701171875,21.6611111,250.0,40.0
Randel Clemente,29.84009170532227,1.229498624801636,72.03840637207031,22.6861111,250.0,37.5
Juan Sanchez,30.16750144958496,1.110875248908997,76.48052978515625,21.7,250.0,40.0
Austin Strickland,30.2072639465332,1.521870017051697,78.56661224365234,22.15,250.0,37.5
Ricardo Yan,30.3216667175293,1.594242095947266,77.75251007080078,21.6944444,250.0,40.0
Yerlin Rodriguez,30.34445190429688,1.337473273277283,76.7176284790039,22.3388888,250.0,40.0
Victor Lizarraga,30.45330619812012,1.191332817077637,83.59752655029297,20.65,250.0,37.5
Adrian Rodriguez,30.45445251464844,1.030134439468384,76.8832778930664,23.1833333,250.0,37.5
Alexander Alberto,30.5338134765625,1.4668128490448,76.1790771484375,22.7277777,250.0,37.5
Jordarlin Mendoza,30.57234191894531,1.138563752174377,72.35511779785156,20.6944444,250.0,37.5
Davis Sharpe,30.75231170654297,1.315984606742859,91.9063491821289,24.4833333,250.0,37.5
Carlos Lagrange,31.0062370300293,1.286621928215027,73.30449676513672,21.1638888,250.0,42.5
Cade Denton,31.18111228942871,1.51641309261322,83.74900817871094,22.5722222,250.0,37.5
Ruddy Navarro,31.26276397705078,0.5689539909362793,74.46431732177734,18.0083333,250.0,37.5
Jose Urbina,31.52517700195312,1.42917788028717,85.9226303100586,18.7277777,250.0,40.0
Hunter Owen,31.69362449645996,1.577497839927673,81.29875946044922,22.4833333,250.0,37.5
Anthony Molina,32.25218963623047,1.73878800868988,86.16340637207031,22.5333333,250.0,37.5
Trevor Harrison,32.2547607421875,1.001772046089172,76.08462524414062,18.9611111,250.0,37.5
Dalton Rogers,32.30204010009766,1.303780913352966,82.50678253173828,22.5166666,250.0,37.5
Isaiah Coupet,32.43593597412109,1.403107523918152,81.11766052246094,21.825,250.0,37.5
Anthony Solometo,32.49283981323242,1.68333375453949,82.36834716796875,21.6444444,250.0,40.0
Andrew Taylor,32.58268356323242,1.541558146476746,81.29925537109375,22.8361111,250.0,37.5
Dahian  Santos,32.70541381835938,0.9155535101890564,73.8331527709961,21.4111111,250.0,40.0
Kenya Huggins,32.78338623046875,1.692159295082092,73.24556732177734,21.6166666,250.0,37.5
Jacob Steinmetz,32.84600067138672,1.483484387397766,83.88384246826172,21.0138888,250.0,37.5
Carlos Castillo,32.899169921875,1.498235940933228,84.17015838623047,18.4722222,250.0,40.0
Luichi Casilla,33.02725982666016,0.8829164505004883,75.1329574584961,19.5777777,250.0,42.5
Jeter Martinez,33.13641738891602,1.078947186470032,77.70122528076172,18.4388888,250.0,40.0
Hyun-Seok Jang,33.35803985595703,1.121653914451599,76.3949203491211,20.3611111,250.0,40.0
Nazier Mule,33.36856842041016,1.43437659740448,87.30786895751953,19.775,250.0,42.5
Tanner McDougal,33.42660903930664,1.548330903053284,77.44493865966797,21.3083333,250.0,37.5
Jean Pinto,33.45882415771484,1.697873711585999,89.52452850341797,23.5416666,250.0,37.5
Madison Jeffrey,33.58545684814453,1.60325038433075,92.38656616210938,24.3611111,250.0,37.5
Francis Texido,33.67491149902344,1.313291192054749,78.5307388305664,19.3138888,250.0,40.0
Richard Gallardo,33.75131988525391,1.812448143959045,81.09102630615234,22.8833333,250.0,37.5
Tanner Hall,34.17145538330078,1.599661231040955,89.33264923095703,22.35,250.0,37.5
Hunter Parks,34.30185699462891,1.58559262752533,94.7082290649414,23.2388888,250.0,37.5
Yeferson Vargas,34.30619049072266,0.9491564035415649,83.4527587890625,19.9722222,250.0,37.5
Luis Serna,34.31279754638672,1.345602512359619,83.5197525024414,20.0111111,250.0,37.5
Alex Santos II,34.50269317626953,1.84898853302002,83.47943115234375,22.4555555,250.0,37.5
Jose Romero,34.50752258300781,1.637729644775391,88.45033264160156,23.2611111,250.0,37.5
Edwin Nunez,34.59123229980469,1.198364853858948,84.57674407958984,22.7194444,250.0,37.5
Bishop Letson,34.71294403076172,1.300340533256531,79.27877044677734,19.8583333,250.0,37.5
Reynaldo Yean,35.38541412353516,1.131311774253845,78.25508880615234,20.5555555,250.0,42.5
Samuel Valerio,36.02566528320312,0.9848438501358032,76.21283721923828,22.7944444,250.0,37.5
Brock Porter,36.03979110717773,1.618245720863342,85.35018157958984,21.1416666,250.0,40.0
Joel Diaz,36.04905700683594,1.387889742851257,84.60430145263672,20.4111111,250.0,37.5
Edgar Isea,36.23264312744141,1.334597826004028,80.16541290283203,21.9277777,250.0,37.5
Luis German,36.25062561035156,1.636981964111328,89.87540435791016,22.7777777,250.0,37.5
Ovis Portes,36.33705520629883,1.138052225112915,82.84786987304688,19.6416666,250.0,37.5
Colby Langford,36.56575775146484,0.9197532534599304,80.23950958251953,22.2333333,250.0,37.5
Keythel Key,36.74095916748047,0.7878254055976868,79.40650939941406,20.7888888,250.0,37.5
Wellington Aracena,36.98484039306641,1.254952073097229,77.84976196289062,19.575,250.0,42.5
Adrian Herrera,37.28118515014648,0.566032350063324,81.87849426269531,19.9555555,250.0,37.5
Luis Alvarez,37.32383346557617,1.276278018951416,77.07050323486328,21.2194444,250.0,37.5
Angel Benitez,38.11129760742188,1.671073913574219,75.30223083496094,20.8722222,250.0,37.5
Caden Scarborough,38.43532562255859,0.8475233912467957,82.5915756225586,19.3138888,250.0,40.0
Cole Schoenwetter,38.55696868896484,0.969107449054718,79.980224609375,19.8138888,250.0,40.0
Yoel Roque,38.86338043212891,1.241160035133362,85.62137603759766,17.5083333,250.0,42.5
Raimy Rodriguez,39.40233993530273,1.397412776947021,90.85657501220703,19.0222222,250.0,37.5
Ismael Luciano,39.59908294677734,1.309490919113159,87.84541320800781,21.3888888,250.0,37.5
Drew Gray,39.66628265380859,1.189558863639832,81.2420654296875,21.2083333,250.0,37.5
Ismael Agreda,39.7177734375,1.252900362014771,79.74639892578125,20.7944444,250.0,37.5
Paul Wilson,39.8244743347168,1.494677543640137,80.64778137207031,19.6194444,250.0,40.0
Marcos Herrera,39.92243957519531,1.321712493896484,89.66557312011719,19.7861111,250.0,40.0
Erick Matos,40.12804412841797,1.525752782821655,89.44042205810547,17.5111111,250.0,37.5
Bryan Mena,40.57725524902344,0.6737076640129089,89.82560729980469,20.1111111,250.0,37.5
Alexis De La Cruz,41.04096221923828,1.627113938331604,84.79674530029297,19.8444444,250.0,40.0
Enniel Cortez,41.10720062255859,1.298315286636353,90.64742279052734,18.2305555,250.0,37.5
Jesus Tillero,41.41737365722656,1.532961010932922,89.81312561035156,18.2277777,250.0,40.0
Branneli Franco,41.50663757324219,1.643572688102722,94.13762664794922,17.4694444,250.0,37.5
Alex Makarewich,42.29643630981445,1.080196738243103,85.56085968017578,22.5194444,250.0,37.5
Jerson Alejandro,44.58524322509766,0.9990925192832947,83.1256103515625,18.4194444,250.0,37.5
Maximo Martinez,44.90221405029297,1.587758183479309,91.31202697753906,20.0916666,250.0,37.5
Reiner Lopez,45.7754020690918,1.583864092826843,95.99890899658203,18.2861111,250.0,37.5
Carlos Mateo,49.31636047363281,1.933991312980652,99.58572387695312,18.7472222,250.0,37.5
Andrew Dunford,49.77453231811523,-2.23806095123291,218.5535888671875,19.5527777,250.0,37.5
