Name,Predicted_WAR,Lower_Bound,Upper_Bound,Age,Top_100,FV_future
Wyatt Langford,3.163111925125122,-4.537028312683105,4.658206462860107,22.6916666,2.0,65.0
James Wood,2.689083099365234,-4.723202228546143,4.877537727355957,21.8527777,3.0,65.0
Jackson Holliday,2.6358802318573,-5.70175313949585,4.797839164733887,20.6388888,1.0,70.0
Heston Kjerstad,2.62922215461731,-3.984430313110352,3.95196533203125,25.45,26.0,55.0
Jackson Merrill,2.543290853500366,-4.210710048675537,2.693506240844727,21.2638888,6.0,60.0
Austin Wells,2.31931734085083,-4.7132568359375,3.018953800201416,25.0333333,51.0,50.0
Brooks Lee,2.303623676300049,-5.359362602233887,2.714466571807861,23.4444444,49.0,50.0
Justin Foscue,2.27375316619873,-4.685292720794678,2.357633590698242,25.3944444,250.0,45.0
Jacob Wilson,2.249188184738159,-4.243856430053711,2.731457471847534,22.3166666,86.0,50.0
Michael Busch,2.169996738433838,-4.073720932006836,2.40220832824707,26.7083333,74.0,50.0
Carson Williams,2.168884992599487,-5.253166198730469,3.988393783569336,21.0805555,16.0,55.0
Coby Mayo,2.167346000671387,-4.821104049682617,3.960990905761719,22.6222222,21.0,55.0
Joey Ortiz,2.132696866989136,-3.865086555480957,3.06709361076355,26.0277777,42.0,50.0
Dalton Rushing,2.060972452163696,-5.309074878692627,2.678500413894653,23.425,65.0,50.0
Junior Caminero,1.856295585632324,-4.919991970062256,3.493442535400391,21.0527777,8.0,60.0
Andy Pages,1.850964069366455,-5.203739166259766,3.063040256500244,23.6277777,68.0,50.0
Roman Anthony,1.803300619125366,-5.31350040435791,3.043452501296997,20.1972222,27.0,55.0
Kristian Campbell,1.771759033203125,-5.893112182617188,2.763646364212036,22.0722222,250.0,47.5
Chase DeLauter,1.749422192573547,-4.929330348968506,3.042402029037476,22.7944444,28.0,55.0
Kyle Manzardo,1.589116215705872,-5.236228942871094,2.568049669265747,24.0166666,250.0,45.0
Matt Shaw,1.578847646713257,-3.810649633407593,2.776883840560913,22.7166666,33.0,55.0
Dillon Dingler,1.536736607551575,-5.246047496795654,2.188565731048584,25.8527777,250.0,42.5
Jackson Chourio,1.535869240760803,-5.105203628540039,4.237019062042236,20.3694444,5.0,65.0
Owen Caissie,1.360451579093933,-4.681678771972656,2.803755521774292,22.0444444,69.0,50.0
Samuel Basallo,1.351508617401123,-4.567522048950195,3.869068145751953,19.9472222,9.0,60.0
Edgar Quero,1.2181316614151,-5.334137439727783,2.891865491867065,21.3,62.0,50.0
Austin Martin,1.212164044380188,-5.692408084869385,2.341822624206543,25.3361111,250.0,45.0
Ceddanne Rafaela,1.075833559036255,-5.29703426361084,2.535798311233521,23.85,54.0,50.0
Nick Loftin,1.074737071990967,-4.671729564666748,2.334581136703491,25.8305555,250.0,42.5
Emmanuel Rodriguez,1.06730043888092,-5.932172775268555,3.240485429763794,21.4,37.0,50.0
Brayan Rocchio,1.007623910903931,-4.80554723739624,2.09138560295105,23.5305555,63.0,50.0
Parker Meadows,0.9983828067779541,-5.979196548461914,2.29283618927002,24.7277777,250.0,45.0
Luke Keaschall,0.9894786477088928,-6.452420711517334,2.654234170913696,21.9416666,250.0,47.5
Cooper Ingle,0.9793974757194519,-5.692114353179932,2.201873540878296,22.4194444,250.0,40.0
Cole Young,0.9537465572357178,-4.303088188171387,2.490761518478394,21.0027777,64.0,50.0
Kevin McGonigle,0.930828869342804,-6.406223297119141,2.569233655929565,19.9333333,250.0,45.0
Ben Rice,0.9227868318557739,-5.914767742156982,2.126004934310913,25.4222222,250.0,37.5
Jorge Barrosa,0.9171004891395569,-5.417067527770996,2.212460041046143,23.4361111,250.0,45.0
Xavier Isaac,0.8901317715644836,-6.295900344848633,4.271586894989014,20.6027777,22.0,55.0
Kyle Teel,0.8412867188453674,-5.489801406860352,2.528453826904297,22.4416666,85.0,50.0
Dylan Crews,0.8133590817451477,-4.733674049377441,3.371990919113159,22.4111111,10.0,60.0
Drew Millas,0.8099461793899536,-4.490146160125732,1.942318797111511,26.525,250.0,45.0
Adrian Del Castillo,0.8029282093048096,-6.064783096313477,2.449081420898438,24.825,250.0,37.5
Walker Jenkins,0.7504574656486511,-5.363321781158447,3.248902082443237,19.4305555,30.0,55.0
Spencer Jones,0.6846092343330383,-4.292889595031738,3.610623121261597,23.1944444,15.0,55.0
John Rave,0.6549410820007324,-4.03530216217041,2.02424168586731,26.5666666,250.0,37.5
Hunter Goodman,0.6471733450889587,-5.69895076751709,2.510165929794312,24.7944444,250.0,47.5
Jace Jung,0.6467775702476501,-5.531746864318848,2.961304426193237,23.8055555,52.0,50.0
Angel Martinez,0.6392332911491394,-6.571473121643066,2.201955080032349,22.5055555,250.0,45.0
Termarr Johnson,0.6341845393180847,-4.589335918426514,2.962591648101807,20.1194444,45.0,50.0
Jordan Lawlar,0.6335085034370422,-4.964354515075684,3.143943071365356,22.0194444,7.0,60.0
Michael Siani,0.6308523416519165,-6.20446252822876,1.665022730827332,25.0222222,250.0,40.0
Pedro Pages,0.6284042596817017,-5.268087387084961,2.189153432846069,25.8527777,250.0,40.0
Drake Baldwin,0.6117146611213684,-4.673565864562988,2.151334524154663,23.3222222,250.0,45.0
Will Wagner,0.5538302063941956,-5.380505084991455,2.105559825897217,25.9861111,250.0,37.5
Evan Carter,0.5074337124824524,-4.644447803497314,2.341623783111572,21.9027777,13.0,55.0
Marcelo Mayer,0.4888835549354553,-5.689780712127686,2.729048490524292,21.6166666,43.0,50.0
Pete Crow-Armstrong,0.4503595232963562,-4.99566650390625,3.379457473754883,22.3305555,20.0,55.0
Curtis Mead,0.4325484037399292,-5.191518306732178,2.909902334213257,23.7444444,32.0,55.0
Jeferson Quero,0.3648773431777954,-5.692150592803955,3.122708082199097,21.7944444,41.0,50.0
Nacho Alvarez Jr.,0.3416897654533386,-5.868808746337891,2.446044445037842,21.2861111,250.0,45.0
Leo Jimenez,0.3182906806468964,-5.971789836883545,2.267084121704102,23.1861111,250.0,45.0
David Hamilton,0.292234867811203,-5.098258018493652,1.749690651893616,26.8194444,250.0,45.0
Juan Brito,0.2869754433631897,-4.232884407043457,2.621747732162476,22.8333333,250.0,45.0
Javier Sanoja,0.2842959463596344,-4.50294828414917,2.152825355529785,21.8916666,250.0,42.5
Nolan Schanuel,0.2828389108181,-5.922323226928711,2.551981687545776,22.4444444,250.0,45.0
Spencer Horwitz,0.2661575078964233,-4.715333938598633,1.889981508255005,26.6944444,250.0,40.0
Hunter Feduccia,0.2311629056930542,-4.483002185821533,1.97277295589447,27.1361111,250.0,40.0
Jimmy  Crooks,0.2281957268714905,-6.905847072601318,2.090394735336304,23.0138888,250.0,42.5
Jacob Amaya,0.2247186005115509,-6.498406410217285,1.916411638259888,25.8916666,250.0,40.0
Colton Cowser,0.1284742951393127,-5.909614562988281,2.175302267074585,24.3444444,250.0,47.5
Addison Barger,0.1101913675665855,-6.133102416992188,2.176464080810547,24.7,250.0,45.0
Orelvis Martinez,0.09867966175079346,-6.01849889755249,2.609074354171753,22.6805555,71.0,50.0
Noelvi Marte,0.08004925400018692,-6.729557991027832,2.290062189102173,22.7722222,57.0,50.0
Joey Loperfido,0.07644271850585938,-5.67615270614624,2.169812917709351,25.2027777,250.0,45.0
Tre' Morgan,0.06108345091342926,-7.013137340545654,2.082275867462158,22.0222222,250.0,40.0
Victor Scott II,0.03648079186677933,-5.639472007751465,2.575168371200562,23.45,87.0,50.0
Angel Genao,0.02647014893591404,-7.073226928710938,2.4491868019104,20.1805555,250.0,47.5
Harry Ford,0.01785651594400406,-5.972525596618652,2.92700457572937,21.425,53.0,50.0
Kevin Alcantara,0.01397270802408457,-5.913403987884521,3.198696851730347,22.0333333,36.0,50.0
Jakob Marsee,0.01098037790507078,-5.572232723236084,1.799384713172913,23.0722222,250.0,40.0
Chase Meidroth,-0.02785835415124893,-4.848701953887939,2.302588224411011,23.0027777,250.0,40.0
Thayron Liranzo,-0.02879869565367699,-6.516500949859619,2.470821380615234,21.0527777,81.0,50.0
Jasson Dominguez,-0.04431930929422379,-6.200148582458496,2.618002414703369,21.4638888,58.0,50.0
Max Clark,-0.05606451258063316,-5.354380130767822,2.666678190231323,19.5916666,44.0,50.0
Ryan Ignoffo,-0.07912072539329529,-6.399935722351074,2.409419775009155,24.0083333,250.0,37.5
Masyn Winn,-0.08612167835235596,-5.510018825531006,2.462138891220093,22.3416666,23.0,55.0
Bryce Eldridge,-0.109204575419426,-6.575253486633301,3.04046368598938,19.7611111,82.0,50.0
Tyler Fitzgerald,-0.1130963191390038,-4.721288681030273,1.847137689590454,26.8583333,250.0,37.5
Alex Freeland,-0.1407284587621689,-5.482691287994385,2.417979955673218,22.9166666,250.0,37.5
Josue De Paula,-0.1450106352567673,-5.562986850738525,3.264777421951294,19.1666666,29.0,55.0
Brayden Taylor,-0.1572886109352112,-6.975396156311035,2.420022487640381,22.1722222,250.0,47.5
Austin  Gauthier,-0.1897952109575272,-5.170871734619141,2.085236310958862,25.2138888,250.0,37.5
Alan Roden,-0.1988096684217453,-4.911016941070557,2.064448118209839,24.5888888,250.0,40.0
Josh Kasevich,-0.2071528285741806,-5.109671592712402,2.177324295043945,23.5194444,250.0,45.0
Luisangel Acuna,-0.2121653407812119,-5.280646324157715,1.793509483337402,22.3666666,250.0,45.0
Davis Wendzel,-0.2136498391628265,-4.767098903656006,2.233382701873779,27.1694444,250.0,37.5
Aidan Miller,-0.2177558988332748,-6.4543776512146,2.542097806930542,20.125,90.0,50.0
Jacob Hurtubise,-0.2189892083406448,-5.494596004486084,1.881523132324219,26.6194444,250.0,37.5
Drew Gilbert,-0.230904147028923,-6.34553050994873,2.362638235092163,23.825,56.0,50.0
Ethan Salas,-0.2342312932014465,-5.983436107635498,3.593302965164185,18.1472222,11.0,60.0
Colt Emerson,-0.261529266834259,-7.119393348693848,2.712158918380737,19.0111111,66.0,50.0
Colson Montgomery,-0.2827504575252533,-5.003214836120605,3.674704790115356,22.4083333,14.0,55.0
Gino Groover,-0.2880832850933075,-6.968339920043945,2.353995323181152,22.2722222,250.0,45.0
Kyle McCann,-0.2945356667041779,-4.744903087615967,1.954194307327271,26.6444444,250.0,37.5
Michael Arroyo,-0.3101599812507629,-5.44172477722168,2.389546632766724,19.725,250.0,40.0
Reed Trimble,-0.3208317756652832,-6.620365142822266,2.020519733428955,24.1333333,250.0,37.5
Jacob Melton,-0.3269878625869751,-5.654787063598633,2.095433950424194,23.8805555,78.0,50.0
Zach Dezenzo,-0.3301163911819458,-6.161543846130371,2.162408113479614,24.2027777,250.0,42.5
Cole Carrigg,-0.3309255242347717,-6.935836315155029,2.307156085968018,22.2111111,250.0,40.0
Carson McCusker,-0.3340791165828705,-6.322752475738525,2.280812978744507,26.1722222,250.0,37.5
Edwin Arroyo,-0.3568429946899414,-6.639029026031494,2.243261098861694,20.9138888,250.0,45.0
Oliver Dunn,-0.3980870544910431,-5.255665302276611,1.935288786888123,26.8944444,250.0,40.0
Colt Keith,-0.4017418920993805,-5.966790199279785,2.167674779891968,22.9444444,50.0,50.0
Bryan Ramos,-0.4061234593391418,-6.67246675491333,2.392910718917847,22.3666666,55.0,50.0
Adael Amador,-0.4278302788734436,-6.755725860595703,2.505006074905396,21.2861111,112.0,50.0
Moises Ballesteros,-0.4613293409347534,-5.981619834899902,2.807236194610596,20.7111111,77.0,50.0
Matthew Lugo,-0.4777209460735321,-8.169154167175293,2.286066055297852,23.2083333,250.0,37.5
Javier Vaz,-0.4983612596988678,-5.697334289550781,2.119542360305786,23.8388888,250.0,42.5
Jeremy Rodriguez,-0.5089735984802246,-6.225535869598389,2.362469911575317,18.0555555,105.0,50.0
Dominic Keegan,-0.5349210500717163,-6.417396545410156,2.126023054122925,23.9805555,250.0,45.0
Chandler Simpson,-0.5403484106063843,-5.514487266540527,3.027136564254761,23.6833333,250.0,42.5
Starlyn Caba,-0.5455711483955383,-6.657465934753418,2.507706165313721,18.6333333,104.0,50.0
Eguy Rosario,-0.5542169213294983,-6.426037788391113,2.193918943405151,24.1,250.0,40.0
Jacob Gonzalez,-0.5600844025611877,-5.719551563262939,2.117258787155151,22.15,250.0,45.0
Carlos D. Rodriguez,-0.5684245228767395,-6.912211894989014,2.300190687179565,23.6305555,250.0,37.5
Cooper Kinney,-0.5848459601402283,-7.33109188079834,2.269402265548706,21.4916666,250.0,45.0
Johnathan Rodriguez,-0.5993189811706543,-6.131649971008301,2.349896669387817,24.7222222,250.0,37.5
Carter Jensen,-0.6384971141815186,-5.729549407958984,2.735415458679199,21.0583333,250.0,45.0
Deyvison De Los Santos,-0.646086573600769,-5.585400104522705,2.341168403625488,21.0916666,250.0,42.5
James Triantos,-0.6489404439926147,-6.180442810058594,2.013589859008789,21.4861111,250.0,45.0
Brice Matthews,-0.6662931442260742,-7.396682739257812,2.305918216705322,22.3555555,250.0,45.0
Logan Driscoll,-0.6882686614990234,-4.945481777191162,1.94824492931366,26.725,250.0,37.5
Mike Boeve,-0.6976907253265381,-7.773931980133057,2.129003524780273,22.2194444,250.0,37.5
Tyler Black,-0.7007289528846741,-6.197581768035889,2.089201688766479,23.9944444,250.0,42.5
Welbyn Francisca,-0.7023730278015137,-6.86638879776001,2.635839223861694,18.1861111,250.0,45.0
Liam Hicks,-0.7025271058082581,-5.714542388916016,2.403392791748047,25.1444444,250.0,37.5
Nate Furman,-0.7199306488037109,-6.14726734161377,2.404140710830688,23.0027777,250.0,37.5
Jett Williams,-0.7310327291488647,-7.842847347259521,2.18535852432251,20.725,59.0,50.0
Franklin Arias,-0.7372945547103882,-7.103509902954102,2.530479192733765,18.6805555,250.0,37.5
Ryan Bliss,-0.7487516403198242,-6.512150764465332,1.940072298049927,24.6138888,250.0,40.0
Enrique Bradfield Jr.,-0.7539346814155579,-6.78438138961792,2.609519720077515,22.6444444,250.0,47.5
Jhonkensy Noel,-0.7634026408195496,-7.663957595825195,2.129378318786621,23.025,250.0,37.5
Nick Yorke,-0.7670691013336182,-4.991671085357666,2.370921850204468,22.3111111,250.0,45.0
Felnin Celesten,-0.7821716666221619,-6.409051418304443,2.713515758514404,18.8583333,91.0,50.0
Spencer Packard,-0.7874172329902649,-4.465903282165527,2.01150369644165,26.7833333,250.0,37.5
Brennen Davis,-0.7896968126296997,-6.492548942565918,2.033998966217041,24.7277777,250.0,40.0
Jack Brannigan,-0.7903138995170593,-7.760639667510986,2.209857702255249,23.3694444,250.0,45.0
Leodalis De Vries,-0.7915763258934021,-6.730125904083252,3.151270389556885,17.7861111,46.0,50.0
Rafael Flores,-0.7987456917762756,-7.787200927734375,2.546205997467041,23.7138888,250.0,37.5
Trei Cruz,-0.8463239669799805,-6.360981464385986,1.876360177993774,26.0527777,250.0,37.5
Alexander Albertus,-0.8742138743400574,-7.348995208740234,1.951967597007751,19.7416666,250.0,40.0
Mikey Romero,-0.8785910606384277,-7.690505981445312,2.144802570343018,20.5333333,250.0,45.0
Cesar Prieto,-0.8911209106445312,-3.983741998672485,2.157147645950317,25.2055555,250.0,40.0
Adrian Pinto,-0.9121845960617065,-7.078784942626953,2.341896533966064,21.8388888,250.0,37.5
Brett Harris,-0.9307966232299805,-5.735966205596924,2.10314154624939,26.0833333,250.0,40.0
Kyle Karros,-0.93170565366745,-6.640298843383789,2.249257564544678,21.9944444,250.0,40.0
Pedro Leon,-0.9361591339111328,-5.264694213867188,2.003355264663696,26.1555555,250.0,37.5
Gage Workman,-0.9600035548210144,-5.571642875671387,1.885089874267578,24.75,250.0,37.5
Jorbit Vivas,-0.96426922082901,-6.53549337387085,2.135015249252319,23.375,250.0,45.0
Sterlin Thompson,-0.9761403203010559,-6.450512409210205,2.166714429855347,23.0777777,250.0,45.0
Sebastian Walcott,-1.014378786087036,-7.410320281982422,2.96845531463623,18.3611111,96.0,50.0
Wade Meckler,-1.024255156517029,-5.637234687805176,2.081196308135986,24.2583333,250.0,40.0
Jesus Made,-1.03738808631897,-6.825283050537109,2.519428014755249,17.2111111,250.0,37.5
Leonardo Bernal,-1.066244006156921,-7.002532482147217,2.254870653152466,20.4472222,250.0,45.0
Luis Lara,-1.079036116600037,-7.117325305938721,2.089355230331421,19.6861111,250.0,45.0
Brett Bateman,-1.10029673576355,-7.916430473327637,2.124701261520386,22.3472222,250.0,37.5
Brady House,-1.102919816970825,-4.850529670715332,1.844335556030273,21.1388888,88.0,50.0
Jonny Farmelo,-1.109591960906982,-7.784724235534668,2.312453031539917,19.875,95.0,50.0
Jansel Luis,-1.112532734870911,-6.98101806640625,2.45352840423584,19.3833333,250.0,47.5
Thomas Saggese,-1.123916506767273,-4.928403377532959,2.006002426147461,22.2861111,250.0,42.5
Connor Norby,-1.124046802520752,-7.263881206512451,1.842507600784302,24.1277777,250.0,40.0
Blaze Alexander,-1.15584659576416,-6.70943021774292,1.786191582679749,25.1194444,250.0,40.0
Austin Shenton,-1.185945630073547,-5.841724872589111,1.921300172805786,26.5055555,250.0,37.5
Heriberto Hernandez,-1.186290383338928,-6.974802494049072,1.984389901161194,24.6055555,250.0,40.0
Dominic Fletcher,-1.205164432525635,-5.336071014404297,1.770856857299805,26.8944444,250.0,40.0
Lazaro Montes,-1.226091146469116,-6.874969005584717,2.379825115203857,19.7555555,250.0,45.0
Sabin Ceballos,-1.243697285652161,-7.342820167541504,2.180078506469727,21.9361111,250.0,40.0
Eduardo Quintero,-1.251530766487122,-6.547833442687988,2.514947175979614,18.8555555,250.0,45.0
Braxton Fulford,-1.252705693244934,-5.98960018157959,2.161687850952148,25.625,250.0,37.5
Christian Franklin,-1.26439368724823,-7.459603309631348,1.915912270545959,24.65,250.0,37.5
Tommy Troy,-1.287625193595886,-6.754490375518799,2.270731925964355,22.5194444,79.0,50.0
Ricardo Olivar,-1.327268242835999,-7.416146755218506,2.03791880607605,22.9555555,250.0,40.0
Jaison Chourio,-1.328526735305786,-7.017175197601318,2.810596227645874,19.1805555,250.0,47.5
Frederick Bencosme,-1.331693053245544,-7.921594142913818,1.873835206031799,21.5805555,250.0,42.5
Victor Mesa Jr.,-1.332109212875366,-6.868306636810303,1.929307222366333,22.8777777,250.0,40.0
Roynier Hernandez,-1.334493041038513,-7.41196346282959,2.128995418548584,19.6333333,250.0,40.0
Enderson Delgado,-1.33470344543457,-7.893996715545654,2.157705783843994,19.8416666,250.0,40.0
Keiner Delgado,-1.345777988433838,-7.869643688201904,1.99072003364563,20.5527777,250.0,45.0
Blake Dunn,-1.350252270698547,-7.473042964935303,1.516729354858398,25.8861111,250.0,40.0
Tirso Ornelas,-1.354835867881775,-5.122288703918457,1.924943804740906,24.3694444,250.0,40.0
Ben Williamson,-1.354908227920532,-6.292233467102051,2.124383926391602,23.7194444,250.0,37.5
Diego Cartaya,-1.356608152389526,-7.984132766723633,2.036083698272705,22.8805555,111.0,50.0
Hector Rodriguez,-1.378419995307922,-7.196999073028564,2.133630037307739,20.3694444,250.0,37.5
Dylan O'Rae,-1.381217241287231,-5.751906394958496,2.099501848220825,20.4444444,250.0,40.0
Miguel Bleis,-1.389168858528137,-7.388989448547363,2.314874410629272,20.3972222,80.0,50.0
Dameury  Pena,-1.39558482170105,-6.395917415618896,2.445260763168335,18.8972222,250.0,45.0
Colton Ledbetter,-1.435002565383911,-8.274099349975586,2.163658857345581,22.6916666,250.0,40.0
Jhostynxon Garcia,-1.44042706489563,-7.958258152008057,2.149643659591675,21.6194444,250.0,40.0
Nelson Rada,-1.457346081733704,-6.809135913848877,2.291023969650269,18.9138888,103.0,50.0
Joendry Vargas,-1.47102677822113,-7.036080360412598,2.599170207977295,18.7111111,97.0,50.0
Agustin Ramirez,-1.477708578109741,-5.861222743988037,2.346710681915283,22.8722222,250.0,42.5
Carlos Narvaez,-1.507447957992554,-5.809049129486084,2.268875598907471,25.6611111,250.0,37.5
Caleb Roberts,-1.509218692779541,-7.057931900024414,2.464570999145508,24.4583333,250.0,37.5
Joe Mack,-1.509229063987732,-6.818351745605469,2.595197916030884,21.575,250.0,42.5
Justin Crawford,-1.521703362464905,-6.690142154693604,2.335595846176147,20.5305555,250.0,42.5
Cam Devanney,-1.525875806808472,-4.797465801239014,2.164251089096069,27.2805555,250.0,37.5
Daylen Lile,-1.528533935546875,-5.852267265319824,1.999880075454712,21.65,250.0,42.5
Pablo Aliendo,-1.544207692146301,-8.117047309875488,2.064238309860229,23.1527777,250.0,40.0
Darell Hernaiz,-1.569705486297607,-6.70012378692627,2.10231614112854,22.975,250.0,42.5
Daniel Susac,-1.585261225700378,-7.633064746856689,1.749300360679626,23.1944444,250.0,40.0
Ronny Simon,-1.603104710578918,-5.530189037322998,1.957358241081238,24.2694444,250.0,40.0
Christian Knapczyk,-1.60365891456604,-7.177218437194824,2.118422746658325,22.6055555,250.0,37.5
Mat Nelson,-1.625174522399902,-6.554869651794434,1.691439509391785,25.5277777,250.0,37.5
Jefferson Rojas,-1.644310474395752,-7.305104732513428,2.447128534317017,19.2472222,89.0,50.0
Brandon Valenzuela,-1.654348611831665,-6.966140747070312,1.991321921348572,23.8111111,250.0,42.5
Yohandy Morales,-1.700981020927429,-7.770882129669189,1.96607780456543,22.7916666,250.0,40.0
Will Simpson,-1.708571910858154,-6.515220642089844,2.384927034378052,22.9055555,250.0,37.5
Cody Freeman,-1.708925008773804,-7.061628818511963,2.240578413009644,23.5527777,250.0,40.0
Yanquiel Fernandez,-1.710921287536621,-6.720038414001465,2.221061229705811,21.5638888,250.0,47.5
 Tsung-Che Cheng,-1.71751868724823,-6.713234901428223,2.049411773681641,23.05,250.0,37.5
Aroon Escobar,-1.74010968208313,-6.970458507537842,2.00162935256958,19.5638888,250.0,40.0
Jordan Beck,-1.7431800365448,-7.810449600219727,2.287797689437866,23.2638888,250.0,42.5
Luke Waddell,-1.747686386108398,-5.447941780090332,2.421912431716919,26.0305555,250.0,37.5
Jose Tena,-1.753365397453308,-8.156768798828125,2.113429069519043,23.3444444,250.0,42.5
Luis Vazquez,-1.761850476264954,-7.553861141204834,1.764263033866882,24.7888888,250.0,37.5
Drew Romo,-1.764336347579956,-6.756020545959473,2.015401840209961,22.9027777,250.0,40.0
Trey Lipscomb,-1.7821284532547,-7.164411067962646,1.882198572158813,24.1111111,250.0,37.5
Arjun Nimmala,-1.810081481933594,-8.799248695373535,2.962961196899414,18.7722222,250.0,47.5
Jared Serna,-1.813687205314636,-5.175623416900635,2.179471254348755,22.1472222,250.0,42.5
Aidan Smith,-1.891526341438293,-7.859533786773682,2.027773857116699,20.0027777,250.0,40.0
Matthew Wood,-1.898411989212036,-8.026121139526367,2.145643949508667,23.3944444,250.0,40.0
Tavian Josenberger,-1.90110981464386,-7.274412155151367,1.912610292434692,22.7527777,250.0,40.0
Sal Stewart,-1.906874775886536,-7.981172561645508,2.043341159820557,20.6305555,250.0,37.5
Grant McCray,-1.931103110313416,-7.177309036254883,1.889062285423279,23.6305555,250.0,42.5
Yoeilin Cespedes,-1.934140563011169,-7.467791080474854,2.576766729354858,18.8777777,250.0,45.0
Tyler Gentry,-1.938373565673828,-6.680223941802979,1.53151261806488,25.4805555,250.0,40.0
Dylan Beavers,-1.939606070518494,-6.552349090576172,2.060089588165283,22.9527777,250.0,45.0
Robert Arias,-1.939699172973633,-6.908606052398682,2.262789964675903,17.8638888,250.0,45.0
Antonio Gomez,-1.940686106681824,-7.623103141784668,1.877656221389771,22.6972222,250.0,40.0
Max Muncy,-1.94144606590271,-7.823718547821045,2.093229055404663,21.9138888,250.0,42.5
Hao-Yu Lee,-1.949429392814636,-7.797112464904785,1.983706831932068,21.475,250.0,40.0
Robert Moore,-1.960503339767456,-7.948612213134766,1.681486368179321,22.3166666,250.0,40.0
Chase Davis,-1.962242841720581,-7.440010070800781,2.095063924789429,22.6361111,250.0,42.5
Alex Mooney,-1.98777174949646,-7.869171619415283,1.996467471122742,22.05,250.0,40.0
Justin Riemer,-1.989279389381409,-6.7858567237854,1.959676742553711,22.4666666,250.0,40.0
Nathan Martorella,-1.989901661872864,-6.08524751663208,2.082948684692383,23.4333333,250.0,45.0
Roderick Arias,-1.997588515281677,-6.340139865875244,2.172515392303467,19.875,76.0,50.0
William Bergolla,-2.015120267868042,-7.349241256713867,2.287698984146118,19.7888888,250.0,40.0
Jadher Areinamo,-2.020130634307861,-7.108506679534912,2.791015148162842,20.6555555,250.0,40.0
Eduardo Tait,-2.027588605880737,-7.108203887939453,2.235909223556519,17.9083333,250.0,45.0
Gavin Cross,-2.040862321853638,-7.464636325836182,2.091916084289551,23.4472222,250.0,42.5
Cristofer Torin,-2.070471286773682,-7.277328491210938,2.483026027679443,19.1611111,250.0,42.5
Alexander Canario,-2.074039697647095,-7.48601770401001,1.797585368156433,24.2138888,250.0,40.0
Trey Sweeney,-2.123490810394287,-7.009670734405518,2.051718950271606,24.25,250.0,40.0
Julio Carreras,-2.126426696777344,-6.874254703521729,1.76474916934967,24.5333333,250.0,40.0
Ryan Lasko,-2.139714241027832,-6.133896350860596,1.902331233024597,22.0833333,250.0,40.0
Rubel Cespedes,-2.14798641204834,-7.381285667419434,2.176327466964722,23.9027777,250.0,42.5
Andrew Pintar,-2.170439958572388,-7.861028671264648,1.91316032409668,23.3361111,250.0,40.0
Eric Brown Jr.,-2.184112787246704,-7.102235317230225,1.949936747550964,23.5972222,250.0,45.0
Matt Mervis,-2.187026500701904,-6.45634651184082,1.671966195106506,26.2722222,250.0,37.5
George Lombard Jr.,-2.213535785675049,-8.326417922973633,2.231022119522095,19.1444444,250.0,47.5
Juan Baez,-2.216468811035156,-8.345502853393555,2.298823595046997,19.075,250.0,40.0
Jesus Baez,-2.237388372421265,-7.535568237304688,2.221712112426758,19.4111111,250.0,45.0
Tyler Locklear,-2.296793699264526,-6.978986740112305,2.189862489700317,23.6666666,250.0,40.0
Kameron Misner,-2.299246311187744,-5.464577674865723,1.736756324768066,26.5444444,250.0,40.0
Cameron Cauley,-2.320957660675049,-7.635573863983154,2.056367874145508,21.4666666,250.0,45.0
Ralphy Velazquez,-2.324811458587646,-7.699944496154785,2.388412475585938,19.1555555,250.0,45.0
Will Banfield,-2.340220212936401,-7.722450256347656,1.665140390396118,24.6833333,250.0,40.0
Wilyer Abreu,-2.348225116729736,-6.940271377563477,1.791584849357605,25.0833333,250.0,45.0
Jake Fox,-2.372370004653931,-7.543097972869873,1.790156364440918,21.45,250.0,37.5
Everett Cooper III,-2.387455463409424,-7.351442337036133,1.560141921043396,20.9833333,250.0,37.5
Petey Halpin,-2.398073434829712,-8.089420318603516,1.911389589309692,22.1611111,250.0,40.0
Jair Camargo,-2.407849788665771,-6.670419692993164,1.851624488830566,25.0638888,250.0,40.0
Denzel Clarke,-2.413257598876953,-6.742674827575684,1.976389527320862,24.2305555,250.0,42.5
Diego Velasquez,-2.432632923126221,-8.160932540893555,2.177989959716797,20.8138888,250.0,37.5
Carlos Caro,-2.436915874481201,-7.972463607788086,1.891003847122192,19.7222222,250.0,37.5
Kenedy Corona,-2.448068141937256,-7.40692138671875,1.617997765541077,24.3416666,250.0,40.0
Sammy Stafura,-2.460709810256958,-8.133187294006348,2.545217752456665,19.6916666,250.0,42.5
Blake Mitchell,-2.466642379760742,-7.970536708831787,2.414399862289429,19.975,250.0,47.5
Hudson Haskin,-2.467131376266479,-6.867258071899414,1.799304008483887,25.5666666,250.0,37.5
Luis Pena,-2.472588539123535,-7.557618141174316,2.347784757614136,17.6972222,250.0,40.0
Tai Peete,-2.472667932510376,-8.053377151489258,2.294680118560791,18.9527777,250.0,47.5
Yeremi Cabrera,-2.474289417266846,-7.608617782592773,2.718127250671387,19.0611111,250.0,42.5
Luis Cova,-2.480835437774658,-7.648518085479736,2.124941825866699,17.4805555,250.0,42.5
Miguel Rodriguez,-2.484019041061401,-8.022516250610352,1.851070642471313,18.5694444,250.0,37.5
Mitch Jebb,-2.488003969192505,-7.962834358215332,1.831269145011902,22.1972222,250.0,37.5
Yunior Severino,-2.490939855575562,-6.074923515319824,1.92901611328125,24.8083333,250.0,37.5
BJ Murray Jr.,-2.496215581893921,-7.362699031829834,1.947329759597778,24.5527777,250.0,45.0
Diego Hernandez,-2.514871835708618,-7.134932518005371,1.690594553947449,23.675,250.0,40.0
Gregory Barrios,-2.597989320755005,-8.0169038772583,1.781404376029968,20.2944444,250.0,40.0
Sammy Siani,-2.60146427154541,-7.855935573577881,2.035893201828003,23.6111111,250.0,37.5
Noah Miller,-2.612621545791626,-6.380145072937012,1.869771242141724,21.7,250.0,40.0
Yeiker Reyes,-2.617485761642456,-8.59388542175293,2.337223052978516,18.7694444,250.0,45.0
Nasim Nunez,-2.679297685623169,-6.86367130279541,1.670173645019531,23.9333333,250.0,40.0
Alberto Barriga,-2.682966232299805,-6.88331127166748,2.0550696849823,19.6916666,250.0,42.5
Graham Pauley,-2.684479713439941,-7.011865615844727,1.906545639038086,23.8333333,250.0,40.0
Leonardo Pineda,-2.689436912536621,-7.971302032470703,1.865381479263306,17.2583333,250.0,40.0
Dillon Head,-2.705300807952881,-8.209400177001953,1.983670592308044,19.7861111,250.0,47.5
Roc Riggio,-2.714559316635132,-7.836088180541992,1.964635133743286,22.1194444,250.0,40.0
Justyn-Henry Malloy,-2.720510959625244,-7.205539703369141,2.239828824996948,24.4305555,250.0,42.5
Tanner Schobel,-2.732654571533203,-8.151494026184082,1.867329001426697,23.1388888,250.0,40.0
Darren Baker,-2.738708019256592,-6.506505966186523,1.997405886650085,25.4527777,250.0,40.0
Cooper Pratt,-2.748653411865234,-7.844586372375488,2.316189289093018,19.9333333,250.0,42.5
Starlyn Nunez,-2.788088083267212,-8.31773853302002,1.78872549533844,18.7888888,250.0,40.0
Greg Jones,-2.791662216186523,-6.698018074035645,1.871803164482117,26.3805555,250.0,37.5
Emilio Sanchez,-2.796379566192627,-7.536474704742432,1.970830798149109,17.2805555,250.0,40.0
Mason Auer,-2.805801868438721,-8.235462188720703,2.01402735710144,23.3972222,250.0,37.5
Everson Pereira,-2.818713426589966,-8.251225471496582,1.782192468643188,23.2888888,250.0,40.0
Alfredo Duno,-2.826154708862305,-8.081530570983887,2.896075010299683,18.5472222,250.0,47.5
Jud Fabian,-2.829567909240723,-6.333023071289062,1.74718177318573,23.825,250.0,45.0
Benny Montgomery,-2.836200952529907,-7.71271800994873,1.819783210754395,21.875,250.0,40.0
Zac Veen,-2.842288494110107,-8.400297164916992,1.876932144165039,22.6166666,250.0,42.5
Juan Corniel,-2.850981950759888,-8.319674491882324,1.80133056640625,21.8111111,250.0,37.5
Kendall George,-2.851549625396729,-8.330987930297852,2.25810170173645,19.7361111,250.0,40.0
Robert Calaz,-2.866734504699707,-8.411713600158691,2.7651207447052,18.6722222,250.0,42.5
Leandro Arias,-2.883867025375366,-8.655240058898926,1.841042518615723,19.4694444,250.0,40.0
Luiyin Alastre,-2.885164499282837,-7.52852725982666,2.160783767700195,18.825,250.0,37.5
Jay Allen II,-2.887889385223389,-7.743812561035156,2.159737348556519,21.6722222,250.0,37.5
Boston Baro,-2.907806158065796,-7.927016258239746,2.211944341659546,19.9194444,250.0,42.5
Paulino Santana,-2.922144174575806,-8.33353042602539,2.034530162811279,17.6861111,250.0,40.0
Ricardo Cabrera,-2.936108112335205,-8.199487686157227,2.253237962722778,19.7333333,250.0,40.0
Dylan Campbell,-2.959749698638916,-8.494986534118652,2.064381837844849,22.0611111,250.0,37.5
Wilfredo Lara,-2.966421127319336,-8.610701560974121,1.861929535865784,20.2388888,250.0,37.5
Raudelis Martinez,-2.968063831329346,-8.12652587890625,2.19834566116333,22.15,250.0,37.5
Bryan Rincon,-2.988341331481934,-8.314779281616211,1.87827205657959,20.4611111,250.0,45.0
Zach Cole,-2.992150783538818,-7.896315574645996,1.551752924919128,23.9722222,250.0,40.0
Rayne Doncon,-2.99291205406189,-8.017742156982422,2.18029260635376,20.8388888,250.0,42.5
Chase Jaworsky,-3.003238201141357,-8.661392211914062,1.756909012794495,19.9833333,250.0,40.0
Edgleen Perez,-3.047950506210327,-7.710443496704102,2.059029340744019,18.1638888,250.0,42.5
Robert Hassell III,-3.051018714904785,-8.169788360595703,1.854531288146973,22.9416666,250.0,40.0
Lizandro Espinoza,-3.061984300613403,-8.313602447509766,1.699318766593933,21.6777777,250.0,40.0
Jhonny Severino,-3.075345754623413,-8.490926742553711,1.98060417175293,19.7111111,250.0,40.0
Franklin Rojas,-3.080247402191162,-8.015524864196777,1.727558374404907,17.3444444,250.0,37.5
Dario Laverde,-3.088495492935181,-7.636203765869141,2.320281267166138,19.4111111,250.0,40.0
Gabriel Rincones Jr.,-3.094936847686768,-8.56482982635498,2.127763986587524,23.3916666,250.0,37.5
Christopher Suero,-3.109429359436035,-8.55615520477295,1.976239442825317,20.4916666,250.0,40.0
Onil Perez,-3.121769905090332,-8.447900772094727,2.11558985710144,21.8722222,250.0,37.5
Maick Collado,-3.140583038330078,-8.405531883239746,1.787148356437683,21.5833333,250.0,37.5
Emil Morales,-3.152929544448853,-6.643195152282715,3.684919834136963,17.8388888,250.0,47.5
Jordan Sanchez,-3.163047552108765,-7.759546279907227,2.145215272903442,18.7916666,250.0,40.0
Marvin Alcantara,-3.175224304199219,-7.824578285217285,1.892782211303711,19.7277777,250.0,45.0
Danny Serretti,-3.182349920272827,-7.622049808502197,1.86040198802948,24.2138888,250.0,40.0
Carlos Pacheco,-3.188193321228027,-7.949196815490723,2.334292411804199,19.7305555,250.0,42.5
Yohendrick Pinango,-3.193854570388794,-8.527504920959473,2.238403797149658,22.2138888,250.0,37.5
Yordany De Los Santos,-3.197727680206299,-7.622970104217529,2.22746753692627,19.4361111,250.0,45.0
Joe Lampe,-3.225768327713013,-8.2462158203125,1.680674910545349,23.6361111,250.0,40.0
Dyan Jorge,-3.252875328063965,-7.750085830688477,1.926361918449402,21.35,250.0,42.5
Eric Bitonti,-3.277143478393555,-8.957520484924316,2.101090908050537,18.6861111,250.0,40.0
Yamal Encarnacion,-3.28824520111084,-9.108746528625488,1.775130867958069,20.8777777,250.0,37.5
Gabriel Terrero,-3.307372331619263,-8.162485122680664,1.826872825622559,18.8277777,250.0,37.5
Cutter Coffey,-3.317492246627808,-9.023305892944336,1.958837389945984,20.175,250.0,40.0
Silas Ardoin,-3.342090845108032,-7.90812873840332,2.173175811767578,23.8472222,250.0,37.5
Jhonayker Ugarte,-3.342243432998657,-7.958810806274414,1.866360664367676,17.3666666,250.0,40.0
Jorge Quintana,-3.342413902282715,-7.094462871551514,2.150114297866821,17.3027777,250.0,42.5
Eduardo Beltre,-3.3570556640625,-9.119072914123535,2.165313005447388,17.7888888,250.0,37.5
Alexander Vargas,-3.382651567459106,-8.145330429077148,1.667476534843445,22.7361111,250.0,37.5
Brock Wilken,-3.390707969665527,-8.415682792663574,2.777834892272949,22.1027777,250.0,47.5
Daniel Vazquez,-3.416693687438965,-8.510515213012695,1.990825533866882,20.3,250.0,40.0
Willy Vasquez,-3.427325010299683,-8.557074546813965,1.621755242347717,22.8833333,250.0,40.0
Eduardo Garcia,-3.428924560546875,-8.769210815429688,1.862868666648865,22.0388888,250.0,37.5
Capri Ortiz,-3.434860944747925,-7.795208930969238,2.278722047805786,19.3138888,250.0,40.0
Alberto Hernandez,-3.436127185821533,-7.889778137207031,2.098851203918457,19.8777777,250.0,45.0
George Valera,-3.44659686088562,-8.274529457092285,1.69607150554657,23.6972222,250.0,40.0
Eriandys Ramon,-3.451560974121094,-8.307817459106445,1.771480560302734,21.5472222,250.0,37.5
Angel Guzman,-3.471576929092407,-7.886110305786133,1.918814539909363,18.6916666,250.0,37.5
Abimelec  Ortiz,-3.472580671310425,-8.15371322631836,2.301779747009277,22.4222222,250.0,37.5
Jonatan Clase,-3.47319507598877,-7.964087963104248,2.038420438766479,22.1694444,250.0,40.0
Caleb Ketchup,-3.484446048736572,-7.617313385009766,1.581403851509094,22.5555555,250.0,37.5
Blaze Jordan,-3.489199876785278,-8.2195463180542,1.918119788169861,21.5972222,250.0,37.5
Ryan Clifford,-3.490341186523438,-6.985340595245361,2.108680725097656,21.0111111,250.0,42.5
Asbel Gonzalez,-3.49724555015564,-7.527267932891846,2.172225713729858,18.5611111,250.0,42.5
Joe Redfield,-3.500296354293823,-8.237285614013672,1.806689143180847,22.7666666,250.0,37.5
Sam Shaw,-3.50764274597168,-7.897922515869141,1.755104064941406,18.4138888,250.0,37.5
Jack Hurley,-3.518966674804688,-7.973065376281738,1.834213256835938,22.3638888,250.0,40.0
Jacob Burke,-3.519526720046997,-8.511573791503906,1.883172988891602,23.4111111,250.0,40.0
Jhonny Level,-3.54023289680481,-7.794205665588379,2.270041704177856,17.3194444,250.0,40.0
Armando Cruz,-3.54040265083313,-7.937350749969482,2.102235555648804,20.5222222,250.0,40.0
Jancel Villarroel,-3.554959535598755,-8.52822494506836,2.206560373306274,19.5194444,250.0,37.5
Ivan Melendez,-3.557385683059692,-7.332755565643311,1.920598983764648,24.5,250.0,37.5
Andruw  Musett,-3.55854868888855,-8.334680557250977,2.060767650604248,18.675,250.0,37.5
Kemp Alderman,-3.561573028564453,-8.265691757202148,1.846924424171448,21.9277777,250.0,40.0
Brando Mayea,-3.567085742950439,-8.643855094909668,2.070299625396729,18.8666666,250.0,45.0
Creed Willems,-3.574653387069702,-7.976210594177246,2.189213991165161,21.1388888,250.0,40.0
Calvin Harris,-3.578276634216309,-8.2626371383667,1.973226547241211,22.6916666,250.0,40.0
Cade Doughty,-3.583189725875854,-8.534608840942383,1.622080206871033,23.3277777,250.0,40.0
Juan Flores,-3.587537527084351,-8.963452339172363,1.780738115310669,18.4472222,250.0,40.0
Cayden Wallace,-3.620505332946777,-7.978141307830811,1.943086266517639,22.9638888,250.0,42.5
Ronald Hernandez,-3.622358322143555,-9.171822547912598,2.351051807403564,20.7527777,250.0,37.5
Yophery Rodriguez,-3.62989616394043,-8.935964584350586,2.173883676528931,18.6361111,250.0,42.5
Dasan Brown,-3.629942178726196,-8.453343391418457,2.025701284408569,22.8305555,250.0,40.0
Adrian Santana,-3.651401519775391,-8.597790718078613,1.863277673721313,19.0166666,250.0,40.0
Kevin Kilpatrick Jr.,-3.653738975524902,-7.10089111328125,1.730609536170959,23.6638888,250.0,40.0
Jose Perdomo,-3.670721054077148,-7.435939788818359,2.550578832626343,17.8444444,250.0,45.0
Yasser Mercedes,-3.685275316238403,-9.068946838378906,2.118733644485474,19.6888888,250.0,40.0
Jacob Reimer,-3.702378988265991,-8.323469161987305,1.607747316360474,20.4222222,250.0,40.0
J.J. D'Orazio,-3.707835674285889,-8.243952751159668,1.969023942947388,22.5722222,250.0,37.5
Emaarion Boyd,-3.734649658203125,-8.410646438598633,1.62490451335907,20.9222222,250.0,40.0
Adam Zebrowski,-3.751055955886841,-8.300496101379395,1.744970321655273,23.8222222,250.0,37.5
Wilderd Patino,-3.755735397338867,-8.427534103393555,1.53155505657196,23.0166666,250.0,37.5
Fernando Cruz,-3.766676187515259,-8.949763298034668,1.837617874145508,17.6972222,250.0,45.0
Brailer Guerrero,-3.772152423858643,-8.936467170715332,2.199129343032837,18.0805555,250.0,45.0
Luke Adams,-3.77869725227356,-7.646632671356201,2.107892513275146,20.25,250.0,42.5
Haydn McGeary,-3.779579877853394,-7.717827796936035,1.828353881835938,24.7916666,250.0,37.5
Marco Vargas,-3.794207096099854,-6.998763084411621,2.098043441772461,19.1944444,250.0,42.5
Connor Burns,-3.795534372329712,-8.509835243225098,1.859876275062561,22.6083333,250.0,37.5
Nikau Pouaka-Grego,-3.796333312988281,-8.060253143310547,1.789026260375977,19.8638888,250.0,40.0
Filippo Di Turi,-3.804380655288696,-8.40914535522461,2.017784357070923,18.7083333,250.0,40.0
Maui Ahuna,-3.813185691833496,-8.221014022827148,1.606240510940552,22.3694444,250.0,40.0
Cam Collier,-3.813644409179688,-9.078071594238281,2.145851373672485,19.6777777,250.0,40.0
Allan Castro,-3.817365407943726,-7.336801052093506,2.10442328453064,21.1666666,250.0,42.5
Yovanny Rodriguez,-3.81805682182312,-8.120036125183105,2.018240690231323,17.7138888,250.0,42.5
Victor Hurtado,-3.838956832885742,-7.872490882873535,1.915974974632263,17.1666666,250.0,45.0
Peyton Graham,-3.853512048721313,-8.085118293762207,1.857341408729553,23.4944444,250.0,42.5
George Wolkow,-3.881171226501465,-9.032488822937012,2.304536819458008,18.5361111,250.0,40.0
Colin Barber,-3.884508371353149,-8.653796195983887,1.696543097496033,23.6388888,250.0,37.5
Damiano Palmegiani,-3.887732982635498,-7.083744525909424,1.988390326499939,24.5,250.0,37.5
Edward Lantigua,-3.898234844207764,-8.117809295654297,2.012498378753662,17.725,250.0,37.5
Carlos Jorge,-3.911531686782837,-9.375537872314453,1.720686316490173,20.8388888,250.0,40.0
Daiverson Gutierrez,-3.956106185913086,-8.022539138793945,1.756764769554138,18.8694444,250.0,40.0
Kevin Made,-3.956427574157715,-9.17657470703125,1.652314782142639,21.8722222,250.0,40.0
Wilfred Veras,-3.966065883636475,-7.434930324554443,1.942974090576172,21.6916666,250.0,40.0
Jose Fernandez,-3.985714912414551,-8.697122573852539,1.791493654251099,20.8388888,250.0,37.5
Ramon Ramirez,-4.016407489776611,-8.4591703414917,2.020577192306519,19.1083333,250.0,40.0
Nelly Taylor,-4.021092414855957,-9.06070327758789,2.20544695854187,21.5055555,250.0,40.0
Felix Morrobel,-4.022554397583008,-8.288734436035156,1.758806467056274,18.8333333,250.0,37.5
Adriel Radney,-4.024546146392822,-8.000733375549316,1.976233124732971,17.0861111,250.0,47.5
Luis Baez,-4.027172565460205,-9.335000991821289,2.267333984375,20.5361111,250.0,42.5
Abdias De La Cruz,-4.063869953155518,-7.58245849609375,2.411813020706177,19.725,250.0,42.5
Gabriel Gonzalez,-4.064157485961914,-8.410014152526855,2.256454944610596,20.5555555,250.0,42.5
Jadiel Sanchez,-4.084059238433838,-8.322853088378906,2.065288305282593,23.2055555,250.0,37.5
Dayan Frias,-4.084371089935303,-8.735603332519531,2.035302877426147,22.0805555,250.0,40.0
Cole Foster,-4.08543062210083,-8.553723335266113,2.043854475021362,22.7944444,250.0,37.5
Yohendry Sanchez,-4.086189270019531,-8.545412063598633,2.222863912582397,17.7083333,250.0,37.5
Jake Gelof,-4.090601921081543,-8.5548734664917,1.851035118103027,22.4138888,250.0,40.0
Cade Hunter,-4.106937408447266,-8.757515907287598,1.978102326393127,23.6527777,250.0,37.5
Luis Guanipa,-4.116947650909424,-8.034689903259277,1.877150416374207,18.6083333,250.0,45.0
Richard Ramirez,-4.127702713012695,-9.858752250671387,1.757212042808533,19.0583333,250.0,40.0
Jesus Galiz,-4.130909442901611,-8.859004020690918,2.122849225997925,20.625,250.0,37.5
Ashly Andujar,-4.169849872589111,-7.918853759765625,2.523059844970703,16.9861111,250.0,42.5
Kahlil Watson,-4.189301490783691,-8.231492042541504,1.759268403053284,21.2722222,250.0,42.5
Bryant Betancourt,-4.193967819213867,-8.535001754760742,2.453736066818237,20.7833333,250.0,37.5
Homer Bush Jr.,-4.209009647369385,-7.886477947235107,2.267790794372559,22.7805555,250.0,37.5
Samuel Munoz,-4.218249797821045,-8.577064514160156,2.08465576171875,19.8388888,250.0,40.0
Angel Brachi,-4.242688655853271,-7.766856670379639,1.702383041381836,17.5527777,250.0,40.0
Dawel Joseph,-4.261446952819824,-8.103302001953125,1.65715503692627,17.1916666,250.0,42.5
Ryan Burrowes,-4.263187885284424,-8.890767097473145,1.840275764465332,19.9361111,250.0,42.5
Eddinson Paulino,-4.270841121673584,-8.945980072021484,1.852744698524475,22.0611111,250.0,40.0
Cesar Hernandez,-4.274260997772217,-9.039072036743164,1.76114022731781,21.2555555,250.0,37.5
Luis Suisbel,-4.277858257293701,-7.101820945739746,2.161578893661499,21.1694444,250.0,37.5
Enrique Jimenez,-4.283639907836914,-8.900256156921387,1.917634010314941,18.725,250.0,37.5
Josh Rivera,-4.290417194366455,-8.746442794799805,1.849781394004822,21.7888888,250.0,37.5
Devin Saltiban,-4.298439979553223,-9.235349655151367,2.113963603973389,19.4444444,250.0,37.5
Aeverson Arteaga,-4.299185276031494,-8.92764663696289,1.492036461830139,21.3555555,250.0,40.0
Rayner Arias,-4.305756568908691,-9.370981216430664,2.102295637130737,18.2361111,250.0,45.0
Alfonsin Rosario,-4.320137977600098,-9.012207984924316,1.838692903518677,20.0916666,250.0,40.0
Max Anderson,-4.328818798065186,-7.239357948303223,1.846484065055847,22.4,250.0,40.0
Brandon Winokur,-4.335258007049561,-9.471527099609375,2.26719331741333,19.6055555,250.0,40.0
Druw Jones,-4.356949329376221,-8.322336196899414,2.040372371673584,20.6555555,250.0,42.5
Marco Luciano,-4.3592848777771,-8.273744583129883,2.222088098526001,22.7916666,250.0,42.5
Christian Cerda,-4.370977878570557,-8.182851791381836,1.681497573852539,21.575,250.0,40.0
Tony Blanco Jr.,-4.37941312789917,-9.429559707641602,1.936708688735962,19.1944444,250.0,42.5
Cristhian Vaquero,-4.385149955749512,-8.997808456420898,1.702086091041565,19.8638888,250.0,45.0
Samuel Zavala,-4.397513866424561,-8.334428787231445,1.685275077819824,20.025,250.0,40.0
Zach Levenson,-4.418939590454102,-8.666257858276367,1.777968764305115,22.3833333,250.0,40.0
Jose Alpuria,-4.419921875,-9.268611907958984,1.875131011009216,19.45,250.0,37.5
Jeral Toledo,-4.448741912841797,-8.519657135009766,1.607112169265747,21.5055555,250.0,40.0
Kala'i Rosario,-4.45704460144043,-8.778554916381836,2.023892879486084,22.0611111,250.0,40.0
Alex Ramirez,-4.459777355194092,-7.682560443878174,1.845837950706482,21.5305555,250.0,37.5
Pedro Ibarguen,-4.463377475738525,-7.657284736633301,1.545500040054321,18.0611111,250.0,37.5
Yassel Soler,-4.463739395141602,-8.077972412109375,2.104807615280151,18.4944444,250.0,37.5
Braylin  Morel,-4.469067573547363,-8.981344223022461,2.113920927047729,18.5138888,250.0,37.5
A.J. Vukovich,-4.494513988494873,-7.635452747344971,2.064094543457031,23.0111111,250.0,37.5
Yandel Ricardo,-4.506892204284668,-8.288833618164062,1.831142783164978,17.8,250.0,42.5
Austin Charles,-4.516469478607178,-9.531011581420898,2.043816328048706,20.6972222,250.0,42.5
Mac Horvath,-4.518765926361084,-8.615614891052246,1.920543551445007,22.4888888,250.0,40.0
Kenny Castillo,-4.534783363342285,-9.163366317749023,1.93980598449707,20.1972222,250.0,37.5
David McCabe,-4.534805297851562,-7.461750984191895,1.58375072479248,24.3305555,250.0,37.5
Gleider Figueroa,-4.536991596221924,-9.5258207321167,1.871560335159302,20.075,250.0,40.0
Max Wagner,-4.553917407989502,-8.744894981384277,1.627833724021912,22.9305555,250.0,40.0
Adrian Sugastey,-4.571715831756592,-7.86880350112915,1.755089163780212,21.7527777,250.0,37.5
Jose Devers,-4.582021713256836,-8.766016960144043,1.871197104454041,21.1861111,250.0,37.5
Yiddi Cappe,-4.599701881408691,-8.678788185119629,1.698564410209656,21.9361111,250.0,40.0
Joswa Lugo,-4.600344657897949,-9.156015396118164,2.114145994186401,17.5,250.0,40.0
Josue Briceno,-4.610366821289062,-8.044689178466797,2.143300771713257,19.8361111,250.0,42.5
Victor Bericoto,-4.636245250701904,-8.592154502868652,1.978272080421448,22.6416666,250.0,37.5
Brock Vradenburg,-4.683096885681152,-8.533878326416016,1.745078921318054,22.3444444,250.0,37.5
Jose Salas,-4.714782238006592,-8.782172203063965,1.861705780029297,21.2444444,250.0,37.5
Denzer Guzman,-4.720419406890869,-9.390958786010742,1.900940775871277,20.4611111,250.0,42.5
Omar Alfonzo,-4.720860481262207,-8.358424186706543,2.401202201843262,20.975,250.0,37.5
Jose Ramos,-4.729781627655029,-8.345161437988281,1.730893015861511,23.5638888,250.0,40.0
Angel Feliz,-4.740582942962646,-8.298648834228516,2.137815713882446,17.6888888,250.0,37.5
Carson Rucker,-4.76130199432373,-9.489801406860352,1.905320048332214,19.9333333,250.0,37.5
Derek Bernard,-4.803073883056641,-10.06854915618896,1.958993315696716,18.9583333,250.0,40.0
Edgar Montero,-4.827871799468994,-8.621193885803223,1.987280249595642,17.675,250.0,40.0
Adolfo Sanchez,-4.837870121002197,-8.752735137939453,1.958542108535767,17.8472222,250.0,45.0
Won-Bin Cho,-4.88456916809082,-9.102302551269531,1.873082995414734,20.9277777,250.0,42.5
Hyungchan Um,-4.888148307800293,-9.72918701171875,2.091392993927002,20.25,250.0,40.0
Myles Naylor,-4.938776969909668,-9.149806022644043,1.551265001296997,19.275,250.0,40.0
Adbiel Feliz,-4.951576709747314,-8.398486137390137,1.575676918029785,17.4194444,250.0,40.0
Junior Garcia,-4.982356071472168,-9.106388092041016,1.909283995628357,19.0305555,250.0,40.0
Antonio Anderson,-4.993220329284668,-9.395956039428711,2.020959377288818,19.0722222,250.0,40.0
A.J. Ewing,-4.996724128723145,-9.375253677368164,1.875720024108887,19.9555555,250.0,37.5
Brenner Cox,-5.009089946746826,-9.08875846862793,1.910426497459412,20.2027777,250.0,37.5
Kelvin Hidalgo,-5.058693885803223,-9.779850006103516,1.934940695762634,19.3972222,250.0,42.5
Gian Zapata,-5.110048294067383,-9.061535835266113,1.430803298950195,18.8638888,250.0,40.0
Victor Acosta,-5.133890151977539,-9.403812408447266,1.706648111343384,20.1222222,250.0,40.0
Alex De Jesus,-5.161893844604492,-9.348649024963379,1.828841090202332,22.3388888,250.0,37.5
Nestor Miranda,-5.162744522094727,-8.228243827819824,1.51562488079071,18.4194444,250.0,37.5
Byron Chourio,-5.16414737701416,-9.253793716430664,1.932160973548889,19.1777777,250.0,40.0
Jose Ramos,-5.165134906768799,-8.276091575622559,1.23527991771698,17.8138888,250.0,40.0
Mario Baez,-5.19075870513916,-8.677984237670898,1.66560685634613,17.9138888,250.0,37.5
Stiven Martinez,-5.20012903213501,-9.326370239257812,2.174243927001953,16.9611111,250.0,37.5
Javier Mogollon,-5.205399990081787,-8.46331787109375,2.098714351654053,18.7305555,250.0,37.5
Luis Rives,-5.206974983215332,-9.2802152633667,1.574828624725342,19.7777777,250.0,40.0
Jeremy De La Rosa,-5.230862140655518,-8.607828140258789,1.922526240348816,22.5222222,250.0,37.5
J.D. Gonzalez,-5.260170936584473,-9.171298027038574,1.643534541130066,18.8083333,250.0,37.5
Alberto Rios,-5.28242826461792,-8.524673461914062,1.487266778945923,22.3472222,250.0,37.5
Camilo Diaz,-5.2916259765625,-8.901867866516113,1.725571990013123,18.8861111,250.0,42.5
Pascanel Ferreras,-5.318729400634766,-9.135499954223633,1.668928503990173,22.6638888,250.0,40.0
Hendry Chivilli,-5.333502769470215,-9.1095552444458,1.270944237709045,18.8611111,250.0,40.0
Derniche Valdez,-5.336445808410645,-9.30494499206543,1.853356719017029,18.3194444,250.0,37.5
Yahil Melendez,-5.40979528427124,-8.468061447143555,1.968323111534119,18.8861111,250.0,40.0
Bralyn Brazoban,-5.467950820922852,-8.871624946594238,1.56494927406311,17.8972222,250.0,37.5
Daiber De Los Santos,-5.513331890106201,-9.440292358398438,2.169184923171997,17.8,250.0,42.5
Jorgelys Mota,-5.571691036224365,-9.351786613464355,1.44110631942749,19.1416666,250.0,37.5
Janero Miller,-5.583455085754395,-9.323519706726074,1.398019671440125,18.5388888,250.0,40.0
Waner Luciano,-5.625614643096924,-9.013127326965332,1.670719981193542,19.5305555,250.0,40.0
Aneudi Escanio,-5.64088773727417,-8.533824920654297,1.28872811794281,19.6583333,250.0,37.5
Edward Florentino,-5.643399715423584,-8.278684616088867,1.823643565177917,17.7027777,250.0,40.0
Colin Houck,-5.647077560424805,-9.32882308959961,1.729523062705994,19.8166666,250.0,40.0
Andres Valor,-5.66802978515625,-9.629844665527344,2.082571268081665,18.7111111,250.0,40.0
Esmil Valencia,-5.684417247772217,-9.042527198791504,1.587742447853088,18.7611111,250.0,40.0
Tucker Toman,-5.705452919006348,-9.520095825195312,1.497453331947327,20.7,250.0,37.5
Carlos Sanchez,-5.710016250610352,-9.131166458129883,1.679762482643127,19.5333333,250.0,40.0
Richard Matic,-5.800944328308105,-8.26724910736084,1.712359309196472,16.9944444,250.0,40.0
Cristopfer Gonzalez,-5.817904472351074,-8.89749813079834,1.660253763198853,19.0111111,250.0,37.5
Elijah Green,-5.85853099822998,-9.452478408813477,1.92823600769043,20.6388888,250.0,40.0
Lonnie White Jr.,-5.886782646179199,-8.634771347045898,1.59168529510498,21.5666666,250.0,37.5
Rafael Ramirez Jr.,-5.892533302307129,-9.120570182800293,1.488342881202698,19.0055555,250.0,42.5
Belfi Rivera,-5.9151611328125,-8.916665077209473,1.486940741539001,17.6055555,250.0,40.0
Eduardo Herrera,-5.932786464691162,-9.026965141296387,1.476921200752258,17.7527777,250.0,37.5
Ariel Castro,-6.058224201202393,-9.75895881652832,1.395239233970642,18.4361111,250.0,37.5
Enmanuel Bonilla,-6.089718341827393,-8.950905799865723,1.686892747879028,18.5055555,250.0,42.5
Oswaldo Osorio,-6.135504722595215,-9.62511920928955,1.877939224243164,19.2833333,250.0,42.5
Ruben Santana,-6.165436744689941,-9.688657760620117,1.666275024414062,19.4388888,250.0,40.0
Estuar Suero,-6.225019931793213,-9.050202369689941,1.653773546218872,18.9027777,250.0,42.5
Walker Martin,-6.233034133911133,-9.006922721862793,2.097073554992676,20.4277777,250.0,42.5
Naibel Mariano,-6.356541156768799,-9.295230865478516,1.857205390930176,17.8833333,250.0,42.5
Francisco Vilorio,-6.39269495010376,-9.575236320495605,1.718069076538086,17.7333333,250.0,42.5
Jalvin Arias,-6.658743381500244,-8.679823875427246,1.733493447303772,17.8138888,250.0,37.5
Nazzan Zanetello,-6.717926025390625,-9.007577896118164,1.580483436584473,19.1638888,250.0,37.5
